time_s,mechanical_J,physical_dissipation_J,external_work_J,defect_J
0.0,0.680000000000021,0.0,0.0,0.0
0.02,0.679174786789718,0.0008026237820021078,-2.2589428280402926e-05,-2.0533291592624708e-14
0.04,0.6766210169477905,0.003226260710671043,-0.000152722341565622,6.165396969001757e-15
0.06,0.6764351487682614,0.0033024157841991765,-0.0002624354475582137,-2.256875242245826e-15
0.08,0.6746221529190013,0.005159596930757248,-0.00021825015025069694,-1.1792704399798959e-14
0.1,0.6729970833748192,0.006765168915136193,-0.00023774771004244862,-2.3163545734283808e-14
0.12,0.6722854000698415,0.006989614343766456,-0.0007249855864067641,-6.312875569514098e-15
0.14,0.6688309649893183,0.009474113135400843,-0.001694921875295246,-6.677167499469228e-15
0.16,0.6672754811835244,0.010088756025146509,-0.0026357627913363157,-1.3785847463587686e-14
0.18,0.665620017257857,0.01121203948913335,-0.003167943253004013,-2.6647087314479734e-14
0.2,0.6628244437871275,0.013492578790620848,-0.0036829774222689494,-3.774758283725532e-15
0.22,0.6613590465007435,0.013655232567091523,-0.004985720932165109,-2.0892142182926676e-14
0.24,0.6569577293260586,0.01578947895460214,-0.007252791719348653,-1.1679893163751842e-14
0.26,0.6530837743674512,0.01722967019764326,-0.009686555434913816,-1.2715523078909996e-14
0.28,0.6507203792641076,0.017795960231236144,-0.011483660504676828,-4.198030811863873e-16
0.3,0.646654084227901,0.020380766450225747,-0.012965149321871514,-2.272140808834422e-14
0.32,0.6436941380304567,0.020990783751097017,-0.01531507821846419,-3.1051550219984847e-15
0.34,0.6383664779957091,0.0225354828633128,-0.01909803914099119,-7.927686285214008e-15
0.36,0.6318114423606666,0.02475493659213259,-0.023433621047206768,-1.511984981661385e-14
0.38,0.6278133362855585,0.02515760344413463,-0.027029060270315305,-1.263225635206311e-14
0.4,0.6225292085501082,0.02759538892601854,-0.02987540252388112,-1.3187367864375688e-14
0.42,0.6176421964228381,0.028966449832152266,-0.033391353745012425,-1.8207657603852567e-14
0.44,0.6113810809391749,0.029944613128492593,-0.03867430593234845,-5.1209037010835345e-15
0.46,0.6023646875505089,0.03261206720002547,-0.04502324524947503,-1.1664280652468051e-14
0.48,0.5959821954074449,0.03329825777004988,-0.05071954682251219,-1.4058199049316045e-14
0.5,0.5895476299927487,0.03524345356262732,-0.05520891644463169,-1.33434929772136e-14
0.52,0.5827054483445364,0.03738763836528842,-0.05990691329018164,-1.4557799410397365e-14
0.54,0.5754693644644877,0.03805915515293271,-0.06647148038258995,-1.0672018824209317e-14
0.56,0.5646475856878024,0.04070761419642731,-0.07464480011577541,-1.5931700403370996e-14
0.58,0.5555359052773279,0.041998678992021456,-0.08246541573065909,-1.2614909117303341e-14
0.6,0.5479511134110959,0.04333669000906007,-0.08871219657985101,-1.4030443473700416e-14
0.62,0.5395080566712933,0.04597672303886871,-0.09451522028984403,-1.49741330446318e-14
0.64,0.5312920046816936,0.04671555390586382,-0.10199244141245095,-1.2684298056342413e-14
0.66,0.5195347291233426,0.04892798255477774,-0.11153728832188607,-1.4585554986012994e-14
0.68,0.5078905939057947,0.05089536396537509,-0.1212140421288383,-1.2934098236883074e-14
0.7000000000000001,0.49909920564163146,0.051763234430426894,-0.12913755992794992,-1.2739809207573671e-14
0.72,0.4896651956101472,0.054451551375373886,-0.13588325301448737,-1.2573275753879898e-14
0.74,0.48060316630946126,0.055581761200575966,-0.14381507248997039,-1.3433698597964394e-14
0.76,0.4687761668889425,0.057139850050803354,-0.15408398306026322,-1.1934897514720433e-14
0.78,0.45533396797205944,0.05958293626577781,-0.1650830957621717,-1.2073675392798577e-14
0.8,0.4453173973992558,0.06028649414605907,-0.17439610845469394,-1.2212453270876722e-14
0.8200000000000001,0.43557773422932355,0.0625793304339111,-0.18184293533677384,-1.251776460264864e-14
0.84,0.4260175173901207,0.06423902130277553,-0.1897434613071127,-1.2073675392798577e-14
0.86,0.41483351356329257,0.0651816806620371,-0.1999848057746793,-1.2045919817182948e-14
0.88,0.4007197557087024,0.06771157837027397,-0.21156866592103254,-1.2129186544029835e-14
0.9,0.3896283329662107,0.06858091803700676,-0.2217907489967916,-1.1962653090336062e-14
0.92,0.38017693627986804,0.07019802145706786,-0.22962504226307315,-1.199040866595169e-14
0.9400000000000001,0.3706815375033603,0.07228484456125424,-0.23703361793539449,-1.201816424156732e-14
0.96,0.3606482799546815,0.07286221472108158,-0.246489505324246,-1.1962653090336062e-14
0.98,0.34714017218243953,0.07505385252285186,-0.2578059752947177,-1.1934897514720433e-14
1.0,0.3353964025091733,0.07630026914551544,-0.2683033283453205,-1.1823875212257917e-14
1.02,0.32663818508856696,0.07721119249072256,-0.2761506224207196,-1.1934897514720433e-14
1.04,0.31790090273520594,0.07942744216985996,-0.28267165509494335,-1.176836406102666e-14
1.06,0.3093526199606773,0.0799778294386423,-0.2906695506006891,-1.2323475573339238e-14
1.08,0.2976150899253207,0.08152843601641362,-0.3008564740582743,-1.2378986724570495e-14
1.1,0.285933910721607,0.08316069455652639,-0.3109053947218757,-1.1879386363489175e-14
1.12,0.27807978670405686,0.08357098079402811,-0.31834923250192493,-1.1102230246251565e-14
1.1400000000000001,0.2707773537808461,0.08554567290721372,-0.3236769733119494,-1.1823875212257917e-14
1.16,0.2639461306759635,0.08635053935328163,-0.3297033299707646,-1.1268763699945339e-14
1.18,0.25482254156222367,0.08718374146504722,-0.3379937169727383,-1.1879386363489175e-14
1.2,0.24412541218566222,0.08901377761608684,-0.3468608101982604,-1.1546319456101628e-14
1.22,0.23726454179073458,0.08926462980328849,-0.35347082840598576,-1.2212453270876722e-14
1.24,0.23189905714474612,0.09070072670654038,-0.35740021614872336,-1.1157741397482823e-14
1.26,0.2269750419464755,0.09187689522318548,-0.36114806283034656,-1.3489209749195652e-14
1.28,0.22088217889777173,0.09215632224006842,-0.3669614988621706,-1.0269562977782698e-14
1.3,0.21212295979942736,0.09388664620949298,-0.3739903939910905,-1.0158540675320182e-14
1.32,0.20632704160869558,0.09431370670087225,-0.3793592516904429,-1.0325074129013956e-14
1.34,0.2031124706275532,0.09510153464814367,-0.3817859947243144,-9.769962616701378e-15
1.36,0.20025677484643195,0.09657029537206976,-0.38317292978150863,-1.0658141036401503e-14
1.3800000000000001,0.1971954226828201,0.09662354667485873,-0.38618103064233283,-9.381384558082573e-15
1.4000000000000001,0.19115003770738245,0.0979763545749002,-0.3908736077177262,-1.2156942119645464e-14
1.42,0.1865550824737799,0.09878518769824729,-0.39465972982798475,-9.103828801926284e-15
1.44,0.1853868017049659,0.09903949436748043,-0.39557370392756463,-1.0047518372857667e-14
1.46,0.18469001515876185,0.10057867608313463,-0.3947313087581144,-1.0158540675320182e-14
1.48,0.1843442479858822,0.10076664842089522,-0.39488910359323215,-1.1435297153639112e-14
1.5,0.1814303357407705,0.10160030074581726,-0.3969693635134242,-9.048317650695026e-15
1.52,0.17825494779263906,0.1028049167935429,-0.3989401354138283,-1.0824674490095276e-14
1.54,0.1787690543220843,0.10281504298729544,-0.3984159026906311,-1.0158540675320182e-14
1.56,0.18017795303458495,0.10416658276794871,-0.3956554641974752,-1.2156942119645464e-14
1.58,0.18205282286459262,0.10475144596133568,-0.3931957311740832,-9.547918011776346e-15
1.6,0.18223543165254694,0.10511804112968488,-0.3926465272177792,-9.992007221626409e-15
1.62,0.18072449875125016,0.10656042732094491,-0.39271507392781446,-1.149080830487037e-14
1.6400000000000001,0.18242064307360292,0.106677238797439,-0.3909021181289689,-1.0158540675320182e-14
1.6600000000000001,0.18567328227694863,0.10766254237148093,-0.3866641753515799,-1.1601830607332886e-14
1.68,0.18921874433547387,0.10872413149109156,-0.3820571241734465,-9.103828801926284e-15
1.7,0.19202851644858193,0.10884777822357743,-0.379123705327852,-9.658940314238862e-15
1.72,0.19234460258725017,0.11028325620123346,-0.37737214121152596,-1.1435297153639112e-14
1.74,0.19472493190472934,0.11078937020300066,-0.3744856978922788,-1.2212453270876722e-14
1.76,0.19933311734169903,0.11138486108146055,-0.3692820215768506,-1.0880185641326534e-14
1.78,0.2040196906285516,0.11281284891369536,-0.3631674604577631,-1.0935696792557792e-14
1.8,0.20867280020086987,0.11300063176401516,-0.3583265680351262,-9.825473767932635e-15
1.82,0.2107809599338306,0.11420925317851993,-0.3550097868876611,-9.381384558082573e-15
1.84,0.21345600672322435,0.1152225547295679,-0.3513214385472194,-9.381384558082573e-15
1.86,0.21875553513145618,0.11556683443961943,-0.34567763042893546,-9.936496070395151e-15
1.8800000000000001,0.2240950208552664,0.11712481467138465,-0.33878016447335946,-1.0547118733938987e-14
1.9000000000000001,0.22967326505326235,0.11764824046474556,-0.33267849448200315,-9.992007221626409e-15
1.92,0.23326955352214382,0.11852537226900979,-0.32820507420885764,-9.769962616701378e-15
1.94,0.2359991328134957,0.11996980361125299,-0.32403106357526223,-1.0103029524088925e-14
1.96,0.24126067001635126,0.12030301685906789,-0.3184363131245923,-9.547918011776346e-15
1.98,0.2467909224608126,0.12173333016012435,-0.31147574737907435,-9.769962616701378e-15
2.0,0.2524263257284425,0.12272755863593014,-0.3048461156356389,-9.492406860545088e-15
2.02,0.2569448617927554,0.1233187847915352,-0.29973635341572086,-9.603429163007604e-15
2.04,0.25961038343024717,0.12496842929203963,-0.29542118727772476,-9.492406860545088e-15
2.06,0.26417910249301146,0.12553156960176862,-0.29028932790523154,-9.43689570931383e-15
2.08,0.269445187486716,0.126656649147115,-0.2838981633661806,-9.43689570931383e-15
2.1,0.27445968653107145,0.1280753548371907,-0.27746495863174947,-9.43689570931383e-15
2.12,0.2791644129537637,0.12854574177759828,-0.27228984526864963,-9.43689570931383e-15
2.14,0.2816966991239858,0.13011995145210078,-0.26818334942392513,-9.270362255620057e-15
2.16,0.28511684685590843,0.13105637732298933,-0.26382677582111386,-9.381384558082573e-15
2.18,0.2896777320079873,0.13183758327458228,-0.25848468471744207,-9.381384558082573e-15
2.2,0.29365059354634343,0.13347774747012126,-0.25287165898354713,-9.2148511043888e-15
2.22,0.29778729815489857,0.13403263704216456,-0.24818006480294869,-9.2148511043888e-15
2.24,0.30009018343532984,0.13530231412745147,-0.24460750243723087,-8.854028621385623e-15
2.2600000000000002,0.3021759924402576,0.13660073510183066,-0.24122327245792338,-9.381384558082573e-15
2.2800000000000002,0.3056491386549386,0.1371356793612269,-0.23721518198384708,-8.465450562766819e-15
2.3000000000000003,0.30841288202006506,0.13871901528910466,-0.23286810269084207,-9.242606680004428e-15
2.32,0.31137611470386506,0.13951195008078196,-0.22911193521536605,-7.965850201685498e-15
2.34,0.31328507706358516,0.14037612563207724,-0.22633879730434955,-9.076073226310655e-15
2.36,0.31411924093243954,0.14187602413479128,-0.22400473493278017,-1.0047518372857667e-14
2.38,0.3162534404774331,0.14234129290895225,-0.221405266613627,-8.68749516769185e-15
2.4,0.31784211703555004,0.1436183119224622,-0.21853957104200206,-6.744604874597826e-15
2.42,0.31930756763233836,0.1446847465692343,-0.2160076857984389,-9.46465128492946e-15
2.44,0.32060572882032357,0.14519143146071137,-0.21420283971897533,-1.0769163338864018e-14
2.46,0.3204727231102598,0.14664641135860268,-0.21288086553115085,-7.688294445529209e-15
2.48,0.3212221960730066,0.14721375692876523,-0.21156404699824102,-8.1601392309949e-15
2.5,0.32180596038299336,0.14805021724624737,-0.21014382237077353,-6.772360450213455e-15
2.52,0.3217921025190931,0.14929311704695503,-0.20891478043396527,-7.605027718682322e-15
2.54,0.3222806026203511,0.1496020834185311,-0.2081173139611289,-9.96425164601078e-15
2.56,0.3215641152313983,0.15077436823170318,-0.20766151653690726,-1.2323475573339238e-14
2.58,0.3211316268394535,0.15153686900866672,-0.20733150415188903,-1.176836406102666e-14
2.6,0.32096656024051506,0.1519519264750089,-0.2070815132844867,-1.0352829704629585e-14
2.62,0.31981391651941593,0.15318314708103892,-0.20700293639955553,-1.0658141036401503e-14
2.64,0.31941023819945324,0.15349094692039708,-0.2070988148801632,-7.494005416219807e-15
2.66,0.31849363937025243,0.15423965719555202,-0.20726670343420808,-8.493206138382448e-15
2.68,0.31731923020454245,0.15517761662746715,-0.20750315316800155,-9.880984919163893e-15
2.7,0.3167254259247752,0.15532359446220953,-0.20795097961303094,-5.35682609381638e-15
2.72,0.3150079696370793,0.15634243175833754,-0.20864959860459353,-1.0685896612017132e-14
2.74,0.3138332978226883,0.15680282227398734,-0.20936387990333682,-8.548717289613705e-15
2.7600000000000002,0.31303642822732836,0.15713311540857675,-0.2098304563641084,-7.521760991835436e-15
2.7800000000000002,0.3117273509000584,0.15813130216675414,-0.21014134693320044,-8.076872504148014e-15
2.8000000000000003,0.3110893773143673,0.1582278625013972,-0.21068276018425555,-9.71445146547012e-16
2.82,0.3094909059813486,0.15890423732014106,-0.21160485669852755,-3.83026943495679e-15
2.84,0.30791039836389267,0.15957597889941808,-0.21251362273671093,6.38378239159465e-16
2.86,0.3074780875472299,0.15963294058954458,-0.2128889718632428,-3.774758283725532e-15
2.88,0.3066968003959538,0.16053913727521021,-0.2127640623288495,-7.494005416219807e-15
2.9,0.3064672556868427,0.16079077523880903,-0.2127419690743561,-1.3211653993039363e-14
2.92,0.30566039997371686,0.1611201247698192,-0.21321947525647728,-7.688294445529209e-15
2.94,0.3042565827589103,0.16196039094671894,-0.2137830262943914,-3.885780586188048e-16
2.96,0.3043918867557647,0.16197342132518058,-0.21363469191907777,1.9984014443252818e-15
2.98,0.30473392612883554,0.16267195485837221,-0.21259411901280545,-7.827072323607354e-15
3.0,0.30541827490962875,0.16320142305280916,-0.21138030203757077,-1.2351231148954867e-14
3.02,0.3059750888283922,0.1633108560727462,-0.21071405509887428,-8.354428260304303e-15
3.04,0.30545772867864684,0.16421259631379473,-0.21032967500756572,-1.3739009929736312e-14
3.06,0.3063748711514255,0.16441417718296827,-0.2092109516656106,-1.6681100944992977e-14
3.08,0.3082713859771873,0.1648832787158907,-0.20684533530693788,-5.162537064506978e-15
3.1,0.3103810268263889,0.16570432992885265,-0.2039146432447756,-3.885780586188048e-15
3.12,0.3127268847359742,0.16580933022168878,-0.20146378504234544,-1.2601031329495527e-14
3.14,0.3138037493358694,0.16666318151792056,-0.1995330691462219,-9.159339953157541e-15
3.16,0.31576890727140633,0.16721363437455122,-0.19701745835405785,-5.6343818499726694e-15
3.18,0.3194388237556681,0.16754333838881907,-0.19301783785552473,-9.103828801926284e-15
3.2,0.323414978265381,0.16857865515275072,-0.1880063665818829,-6.38378239159465e-15
3.22,0.32781949393399856,0.168908494196018,-0.183272011869997,-7.466249840604178e-15
3.24,0.33106391471221713,0.16966114046448966,-0.17927494482330852,-5.717648576819556e-15
3.2600000000000002,0.3343983459918214,0.17060609014061417,-0.17499556386757256,-1.2906342661267445e-14
3.2800000000000002,0.3398567834278451,0.17097008391712865,-0.16917313265503942,-7.882583474838611e-15
3.3000000000000003,0.3459832367018084,0.17210195078073404,-0.1619148125174649,-1.3683498778505054e-14
3.3200000000000003,0.3525702478374209,0.17282276197917185,-0.15460699018342347,-4.801714581503802e-15
3.34,0.358319962094245,0.17350684167193545,-0.1481731962338316,-8.992806499463768e-15
3.36,0.3633563629584291,0.1747794338330542,-0.14186420320852983,-7.91033905045424e-15
3.38,0.37046639293582473,0.17537273355089536,-0.13416087351329292,-8.021361352916756e-15
3.4,0.3787976359817247,0.17650215976110528,-0.1247002042571832,-7.827072323607354e-15
3.42,0.38755476258756566,0.17766571024206793,-0.11477952717037727,-1.0172418463127997e-14
3.44,0.39586381571360996,0.17838943217267078,-0.10574675211373293,-7.369105325949477e-15
3.46,0.40286638987194967,0.17985133629730626,-0.09728227383075812,-6.980527267330672e-15
3.48,0.41140794932054003,0.18081856754320502,-0.08777348313626829,-7.688294445529209e-15
3.5,0.42173725106781,0.18190736798812887,-0.07635538094407496,-7.188694084447889e-15
3.52,0.4325134071520908,0.18344209168241538,-0.06404450116550775,-7.105427357601002e-15
3.54,0.4431606105992834,0.18434383449865976,-0.05249555490207052,-7.33441085642994e-15
3.56,0.4522344771379945,0.18584493562391316,-0.041920587238106016,-7.382983113757291e-15
3.58,0.46196183498989846,0.18722663407984189,-0.030811530930273383,-7.306655280814311e-15
3.6,0.47384199883714884,0.18830611018622853,-0.017851890976636288,-7.376044219853384e-15
3.62,0.4863339528482438,0.19005008511765753,-0.003615962034112425,-7.254613576535007e-15
3.64,0.4988746853407896,0.19123739051901895,0.010112075859794725,-7.207776042683633e-15
3.66,0.5098954487501466,0.19266900717600657,0.022564455926139225,-7.098488463697095e-15
3.68,0.5205632779590751,0.19438531763040492,0.03494859558946589,-6.9111383282915995e-15
3.7,0.5333760108770189,0.19553027312042365,0.04890628399742851,-6.980527267330672e-15
3.72,0.5471164322610971,0.1972904018682605,0.06440683412934356,-7.022160630754115e-15
3.74,0.5609552359268769,0.1987884983287339,0.07974373425559732,-7.53563877964325e-15
3.7600000000000002,0.5735433808039535,0.2001102014344843,0.09365358223842501,-8.243405957841787e-15
3.7800000000000002,0.5848971444455506,0.20198639367742083,0.106883538122959,-8.576472865229334e-15
3.8000000000000003,0.5979516430597726,0.2032678397381157,0.121219482797874,-6.772360450213455e-15
3.8200000000000003,0.6123158422714096,0.20488132133095427,0.13719716360234915,-6.356026815979021e-15
3.84,0.6267776403480806,0.20661184061114107,0.15338948095920651,-5.88418203051333e-15
3.86,0.6403278220553831,0.20784459734770933,0.16817241940307873,-7.355227538141662e-15
3.88,0.6520703512844969,0.20966711881687553,0.18173747010135857,-7.216449660063518e-15
3.9,0.6647036349270179,0.21110535019588608,0.1958089851228915,-8.548717289613705e-15
3.92,0.6789483019044541,0.2124811683416697,0.21142947024610592,-3.164135620181696e-15
3.94,0.6933344692370689,0.2142793517397291,0.22761382097678337,-6.439293542825908e-15
3.96,0.7070925806868718,0.21547218915986682,0.24256476984673006,-1.251776460264864e-14
3.98,0.7188491143965733,0.2170535848860403,0.2559026992825975,-4.9404924595819466e-15
4.0,0.7305025304342698,0.21859238837193512,0.269094918806185,-1.1102230246251565e-15
4.0200000000000005,0.7438388901468144,0.21972054127245175,0.2835594314192603,-1.5210055437364645e-14
4.04,0.7574661995607532,0.2213842248345997,0.29885042439533793,-5.995204332975845e-15
4.0600000000000005,0.770633611465174,0.2225719999125341,0.3132056113776926,-5.6066262743570405e-15
4.08,0.7819384906691598,0.2238015296800308,0.3257400203491874,-1.787459069646502e-14
4.1,0.7921954661144289,0.22531500612770747,0.3375104722421288,-1.3433698597964394e-14
4.12,0.8038859932149447,0.22624498321003686,0.3501309764249612,-7.216449660063518e-16
4.14,0.8161161705065008,0.22759695283031878,0.3637131233367984,1.1102230246251565e-16
4.16,0.8279551389463573,0.2287692630768947,0.37672440202321267,1.8318679906315083e-14
4.18,0.8382749498085752,0.22963333173194397,0.38790828154051404,-1.587618925213974e-14
4.2,0.8468599843415338,0.23096330525951636,0.39782328960103625,-7.16093850883226e-15
4.22,0.8563176470708531,0.23176517353118448,0.4080828206020139,2.6645352591003757e-15
4.24,0.8665888807782143,0.23270638706672378,0.419295267844918,-9.992007221626409e-16
4.26,0.8765067521515654,0.23380171047249312,0.43030846262405614,-1.8707257964933888e-14
4.28,0.8853006651099212,0.23437082116113286,0.43967148627103053,2.4980018054066022e-15
4.3,0.8920529105812386,0.23538062582298322,0.44743353640422007,-1.9262369477246466e-14
4.32,0.8989189820801358,0.2361075163097434,0.4550264983898746,-1.6486811915683575e-14
4.34,0.9067872085020021,0.2366432821402341,0.4634304906422173,-2.1094237467877974e-15
4.36,0.9143872379281404,0.2375710129886798,0.4719582509167923,6.827871601444713e-15
4.38,0.9211911642687494,0.23796259552493254,0.4791537597936647,-3.83026943495679e-15
4.4,0.9260328275509018,0.2385868772953733,0.4846197048462709,-1.687538997430238e-14
4.42,0.9302147833053005,0.23925502946686197,0.48946981277214263,-1.2212453270876722e-15
4.44,0.9354040334720194,0.23948717624652685,0.4948912097185383,-1.3100631690576847e-14
4.46,0.9405027215820347,0.24016823247539437,0.5006709540574352,-2.708944180085382e-14
4.48,0.9450149247479142,0.24050252514851805,0.5055174498964055,5.773159728050814e-15
4.5,0.9479330468603746,0.2407746522767169,0.508707699137092,-2.1538326677728037e-14
4.5200000000000005,0.9495958228083778,0.241368160916255,0.5109639837245993,1.2545520178264269e-14
4.54,0.9520475839780728,0.24145892322554527,0.5135065072036226,-2.55351295663786e-14
4.5600000000000005,0.9546676383209692,0.24186787888703767,0.5165355172079916,-5.773159728050814e-15
4.58,0.9568125305683794,0.24223444534096827,0.5190469759093551,-2.842170943040401e-14
4.6000000000000005,0.9578637240973423,0.24228198843891358,0.5201457125362303,4.551914400963142e-15
4.62,0.9573811682827362,0.242778096508265,0.5201592647909864,-6.217248937900877e-15
4.64,0.957286992550335,0.2429009356585429,0.520187928208885,-2.8199664825478976e-14
4.66,0.9576382880030304,0.24309204533473563,0.5207303333377599,-1.4876988529977098e-14
4.68,0.9575920428856592,0.24353798816766958,0.5211300310532789,2.886579864025407e-14
4.7,0.956927497478751,0.24354872187078477,0.5204762193495025,1.2323475573339238e-14
4.72,0.9548112407186179,0.24395063921052362,0.5187618799291289,-8.43769498715119e-15
4.74,0.952613505113239,0.2442461807218285,0.5168596858350765,-3.008704396734174e-14
4.76,0.9510714836188944,0.24435210403231641,0.5154235876511826,7.216449660063518e-15
4.78,0.9492446979617667,0.24489277074886195,0.5141374687106115,-3.885780586188048e-15
4.8,0.9471421773483018,0.2450640141612089,0.5122061915095258,-3.6193270602780103e-14
4.82,0.9439688471459168,0.24542526155264865,0.5093941086985632,-1.8762769116165146e-14
4.84,0.940321692513868,0.24597640027019255,0.5062980927840418,-2.3314683517128287e-15
4.86,0.937405850152792,0.2461790481416135,0.5035848982944033,-1.887379141862766e-14
4.88,0.9343902813704525,0.24682242192145928,0.5012127032919015,-1.0658141036401503e-14
4.9,0.9312749598562939,0.24731147183379662,0.4985864316900834,-1.3822276656583199e-14
4.92,0.9276288510186808,0.2477395418719203,0.49536839289057916,8.326672684688674e-16
4.94,0.923322310364908,0.2485707662562626,0.491893076621158,-8.43769498715119e-15
4.96,0.9196705261468182,0.2490541576562303,0.4887246838030431,-1.5654144647214707e-14
4.98,0.9161648224499459,0.24982499915455103,0.48598982160448817,-1.226796442210798e-14
5.0,0.9126032457072282,0.25071646138120485,0.483319707088416,-3.9968028886505635e-15
5.0200000000000005,0.9090422905137061,0.25135229419013605,0.48039458470383767,-1.6542323066914832e-14
5.04,0.9049033463345308,0.2524483442488476,0.4773516905833521,5.329070518200751e-15
5.0600000000000005,0.9012343023141121,0.25334967305472805,0.47458397536881824,8.326672684688674e-16
5.08,0.8979654766380516,0.25430058515106324,0.4722660617890898,3.9968028886505635e-15
5.1000000000000005,0.894625424650624,0.25559885923681724,0.47022428388742626,-6.050715484207103e-15
5.12,0.8916675322694433,0.2565785504070772,0.46824608267649054,8.93729534823251e-15
5.14,0.8884583562180726,0.2579106228237081,0.46636897904176305,-3.4416913763379853e-15
5.16,0.8855159538064126,0.25928572443290915,0.4648016782393095,-8.826273045769994e-15
5.18,0.8831695214486042,0.26048879266698655,0.4636583141155722,-2.4980018054066022e-15
5.2,0.8807496703296959,0.26213414103931926,0.4628838113689953,-1.2212453270876722e-15
5.22,0.8788684641643464,0.2635464525670149,0.4624149167313455,-5.218048215738236e-15
5.24,0.8772021242493246,0.26509275829759826,0.46229488254690654,-4.6629367034256575e-15
5.26,0.87568201290051,0.2669062304601457,0.46258824336063104,3.608224830031759e-15
5.28,0.8748467316707852,0.2684277922827994,0.46327452395356555,-1.9984014443252818e-15
5.3,0.8739896070331304,0.27032625711162855,0.46431586414473675,1.2212453270876722e-15
5.32,0.8736061598378588,0.2721812095159644,0.46578736935380954,-7.327471962526033e-15
5.34,0.8738938599070546,0.2739328605072712,0.4678267204143089,-4.107825191113079e-15
5.36,0.8743603354095442,0.27607386367598485,0.4704341990855093,-1.3322676295501878e-15
5.38,0.875486761674951,0.2779425308366733,0.4734292925116081,-4.829470157119431e-15
5.4,0.876693293252617,0.2799964145233323,0.47668970777593195,-3.6637359812630166e-15
5.42,0.878154162444069,0.2822160854229594,0.4803702478670114,-4.052314039881821e-15
5.44,0.8805881259568806,0.2841668953007808,0.48475502125764425,-3.83026943495679e-15
5.46,0.8833962381885959,0.28648283083016657,0.48987906901874545,-3.9968028886505635e-15
5.48,0.8867646702365106,0.2886641217261996,0.4954287919626928,-3.608224830031759e-15
5.5,0.8903274687806875,0.29079174046099876,0.5011192092416686,-3.4416913763379853e-15
5.5200000000000005,0.8938672908931378,0.2932262546973927,0.5070935455905131,-3.6637359812630166e-15
5.54,0.8984334484817839,0.29535271759310316,0.5137861660748696,-3.6637359812630166e-15
5.5600000000000005,0.9036732901536081,0.29768781885284185,0.5213611090064323,-3.3306690738754696e-15
5.58,0.9093672518500444,0.30007652459180206,0.529443776441829,-3.6637359812630166e-15
5.6000000000000005,0.9153336025468073,0.30221615534321206,0.5375497578900019,-3.552713678800501e-15
5.62,0.9210293232688622,0.3046790150296423,0.5457083382984874,-3.885780586188048e-15
5.64,0.9275374757019463,0.3069213079684653,0.5544587836703946,-3.9968028886505635e-15
5.66,0.9350141642906439,0.3091472826890347,0.5641614469796605,-2.9976021664879227e-15
5.68,0.9428995080517452,0.31158207948711963,0.5744815875388471,-3.3306690738754696e-15
5.7,0.9510667367372931,0.31368257436106745,0.5847493110983427,-3.219646771412954e-15
5.72,0.958796719346981,0.3159932904839686,0.5947900098309338,-5.218048215738236e-15
5.74,0.9669147328827855,0.3182479012365232,0.6051626341192913,-3.552713678800501e-15
5.76,0.9761695727145117,0.3202785861895053,0.6164481589040017,-5.88418203051333e-15
5.78,0.9858841765045292,0.32257516314126666,0.6284593396457768,-1.9984014443252818e-15
5.8,0.995822669972773,0.324581425642356,0.6404040956151072,7.771561172376096e-16
5.82,1.005245148800046,0.3266019868298582,0.6518471356298925,-9.325873406851315e-15
5.84,1.01452774101931,0.32873181152832504,0.6632595525476188,-4.6629367034256575e-15
5.86,1.0248961951942142,0.3305210264958673,0.6754172216900614,-8.881784197001252e-16
5.88,1.0358583314259804,0.33251335659960995,0.6883716880255683,9.992007221626409e-16
5.9,1.0469534353497925,0.33435656409285575,0.7013099994426307,-3.552713678800501e-15
5.92,1.057514766353591,0.3360117643807072,0.713526530734289,-1.1657341758564144e-14
5.94,1.0674243911664667,0.33787234926152543,0.7252967404279699,1.2212453270876722e-15
5.96,1.0781181451734256,0.33940072100491153,0.7375188661783175,-1.4432899320127035e-15
5.98,1.0895609686952952,0.3409775040059535,0.7505384727012118,1.587618925213974e-14
6.0,1.1010649589477923,0.3425772026642245,0.7636421616119986,-2.886579864025407e-15
6.0200000000000005,1.1120405238480355,0.3438555264823995,0.7758960503304082,5.773159728050814e-15
6.04,1.1219646583113687,0.34532950307615007,0.7872941613875017,-3.9968028886505635e-15
6.0600000000000005,1.132160884958785,0.34658944515106627,0.7987503301098329,-2.6645352591003757e-15
6.08,1.1431958155606083,0.3477149446545075,0.8109107602151018,-6.994405055138486e-15
6.1000000000000005,1.1542841225067746,0.3489943462447604,0.8232784687515199,-5.88418203051333e-15
6.12,1.1648463971765473,0.34993318445198957,0.8347795816285133,2.4424906541753444e-15
6.140000000000001,1.1741193835332058,0.3509614672059732,0.8450808507391714,-1.3433698597964394e-14
6.16,1.1830413555759687,0.3519486914708195,0.8549900470467816,-1.454392162258955e-14
6.18,1.1927458555246528,0.3526630600221857,0.8654089155468159,1.6653345369377348e-15
6.2,1.2025755817904593,0.35357258946551123,0.8761481712559707,-2.1094237467877974e-14
6.22,1.2118776312274366,0.35423633448743025,0.8861139657148505,-4.6629367034256575e-15
6.24,1.2198147152219176,0.3548355590829721,0.8946502743048736,-4.884981308350689e-15
6.26,1.2267932761944023,0.3555511771331967,0.9023444533275868,-8.881784197001252e-15
6.28,1.2343112269557812,0.35595248376553673,0.9102637107213258,-2.886579864025407e-14
6.3,1.2420825039263177,0.356492476732558,0.9185749806588511,3.552713678800501e-15
6.32,1.2493428194936627,0.3569529447577054,0.9262957642513808,-3.3861802251067274e-14
6.34,1.2552895448523784,0.3572134080251646,0.932502952877514,7.993605777301127e-15
6.36,1.2598023038920847,0.35767493061126737,0.9374772345033121,1.8984813721090177e-14
6.38,1.2644405537777927,0.3578907595012171,0.942331313278987,1.7763568394002505e-15
6.4,1.2694610748332558,0.3581238216096971,0.9475848964429362,-4.3298697960381105e-15
6.42,1.2740374239785406,0.35844954991287253,0.952486973891365,2.708944180085382e-14
6.44,1.2774310220258152,0.3585145956283472,0.9559456176541624,-2.1094237467877974e-14
6.46,1.2791226728876235,0.35876946502827145,0.9578921379158755,-1.5543122344752192e-15
6.48,1.2804271003079393,0.35892819846788854,0.9593552987758327,-2.5979218776228663e-14
6.5,1.2821773132034453,0.3589751704065765,0.961152483610038,-3.730349362740526e-14
6.5200000000000005,1.2836218309327598,0.3592309974459773,0.9628528283787249,-8.770761894538737e-15
6.54,1.2840553016231862,0.35926479761128804,0.9633200992344593,-6.106226635438361e-15
6.5600000000000005,1.2827459800221985,0.3593984047612391,0.9621443847834558,-3.9190872769268026e-14
6.58,1.2805447489361697,0.35960865393340485,0.96015340286955,3.552713678800501e-15
6.6000000000000005,1.2787370824536908,0.35962792999817716,0.9583650124518636,-1.6653345369377348e-14
6.62,1.276830082410717,0.3598811966592633,0.9567112790699532,6.106226635438361e-15
6.640000000000001,1.2741065604291402,0.36003504875969694,0.9541416091888066,9.43689570931383e-15
6.66,1.269794833758235,0.36016708299808836,0.949961916756338,-3.574918139293004e-14
6.68,1.2642039648822192,0.36050922875412106,0.9447131936363038,1.5432100042289676e-14
6.7,1.2588261921971393,0.3606650421967285,0.9394912343938114,3.5416114485542494e-14
6.72,1.2535901087105557,0.36099184484115027,0.934581953551736,-5.1181281435219717e-14
6.74,1.2477559230749486,0.3613785036632994,0.9291344267382355,-8.548717289613705e-15
6.76,1.2406196105716034,0.3616460675881158,0.922265678159709,-1.0769163338864018e-14
6.78,1.2320141079761149,0.36217456202774534,0.9141886700037909,4.829470157119431e-14
6.8,1.2233463767975992,0.3626035594369006,0.9059499362344761,2.6645352591003757e-15
6.82,1.2150427636497247,0.3630887926725325,0.8981315563222341,2.220446049250313e-15
6.84,1.2063919129307492,0.363770530087203,0.8901624430179438,-1.2656542480726785e-14
6.86,1.1967853619917768,0.36430179274465047,0.8810871547364233,-1.709743457922741e-14
6.88,1.1857454108301253,0.36505291430136905,0.870798325131446,2.731148640577885e-14
6.9,1.174343447967458,0.3658386131023591,0.8601820610698206,-2.4646951146678475e-14
6.92,1.163455198116911,0.3665667307692816,0.8500219288861749,-3.3306690738754696e-15
6.94,1.1525041444185482,0.36755748252983234,0.8400616269483855,-2.5979218776228663e-14
6.96,1.1409470455609676,0.3684435883782541,0.8293906339392073,-6.661338147750939e-15
6.98,1.1281915651017227,0.36944216656750456,0.8176337316692209,-1.4765966227514582e-14
7.0,1.1148345587076003,0.3706038182735443,0.8054383769811312,-7.66053886991358e-15
7.0200000000000005,1.1020336619871376,0.37164182267992607,0.793675484667035,7.66053886991358e-15
7.04,1.0894712688263608,0.37291906759476773,0.7823903364211205,-1.2989609388114332e-14
7.0600000000000005,1.0766232011328014,0.37419305254506086,0.770816253677864,-2.275957200481571e-14
7.08,1.0629420005206263,0.37545347310396676,0.7583954736245799,-7.993605777301127e-15
7.1000000000000005,1.0485509562465434,0.37695078169207247,0.7455017379385729,2.19824158875781e-14
7.12,1.0346507919967436,0.3783289402868939,0.732979732283621,-4.551914400963142e-15
7.140000000000001,1.0212721119826806,0.37984855707011594,0.7211206690527849,-9.325873406851315e-15
7.16,1.0078892186550121,0.3814778283024186,0.709367046957413,-3.3306690738754696e-15
7.18,0.9940812127407308,0.3829983678929431,0.6970795806336563,-3.3306690738754696e-15
7.2,0.9796199145923693,0.38474842899475004,0.6843683435870982,1.1102230246251565e-16
7.22,0.9655115557873439,0.3864459619059973,0.671957517693326,-5.88418203051333e-15
7.24,0.9521451995721083,0.3881538613873487,0.6602990609594462,-1.0325074129013956e-14
7.26,0.9390198729079632,0.39004830949226266,0.6490681824002128,-7.993605777301127e-15
7.28,0.9258401506388185,0.39180178850932007,0.6376419391481236,-5.995204332975845e-15
7.3,0.9122142831030089,0.39370135636289694,0.6259156394658925,-7.66053886991358e-15
7.32,0.8987889211724511,0.395643156398365,0.6144320775708019,-6.772360450213455e-15
7.34,0.8862262490583808,0.39748041730000716,0.6037066663583726,-5.662137425588298e-15
7.36,0.8741157604335472,0.39951320279473623,0.593628963228268,-5.551115123125783e-15
7.38,0.8622306765607276,0.40143937590569045,0.5836700524664006,-3.552713678800501e-15
7.4,0.8502002327602287,0.40338512367518553,0.5735853564353963,-3.1086244689504383e-15
7.42,0.8382638871276598,0.40545197179666165,0.5637158589243052,-4.884981308350689e-15
7.44,0.827195465398971,0.4073540572619544,0.5545495226609094,-4.9960036108132044e-15
7.46,0.8167492525355287,0.40938840184640524,0.5461376543819176,-4.773959005888173e-15
7.48,0.8066973607143743,0.4113934385388412,0.5380907992531991,-4.6629367034256575e-15
7.5,0.7968135181923786,0.4132950930435741,0.5301086112359362,-4.551914400963142e-15
7.5200000000000005,0.787004154473336,0.41534525524867094,0.5223494097219906,-4.6629367034256575e-15
7.54,0.7779662811444653,0.417238959778534,0.5152052409229829,-4.6629367034256575e-15
7.5600000000000005,0.7696628004829666,0.41915311453520465,0.508815915018155,-4.773959005888173e-15
7.58,0.7618204962950259,0.42111904036083453,0.5029395366558445,-5.10702591327572e-15
7.6000000000000005,0.7543921315081719,0.42290398996500833,0.497296121473164,-4.829470157119431e-15
7.62,0.7471114965983943,0.4248002837243522,0.4919117803227304,-4.9960036108132044e-15
7.640000000000001,0.7404442132749554,0.42660311992730615,0.4870473332022462,-5.717648576819556e-15
7.66,0.7345465787896673,0.4283072751587086,0.4828538539483605,-5.6066262743570405e-15
7.68,0.7290998752193487,0.4301104139226068,0.4792102891419385,-3.9968028886505635e-15
7.7,0.7241887677029428,0.4317219919577034,0.4759107596606312,-5.995204332975845e-15
7.72,0.7195604990407077,0.43335677181069054,0.4729172708513823,-5.051514762044462e-15
7.74,0.7153786430563936,0.4349822376786092,0.4703608807349904,-8.548717289613705e-15
7.76,0.711914431071434,0.43642464136251796,0.46833907243393674,-5.773159728050814e-15
7.78,0.7088408696603692,0.437958489782685,0.4667993594430411,-7.93809462606987e-15
7.8,0.7062801629846773,0.4393522169298447,0.4656323799145072,-6.161737786669619e-15
7.82,0.7041418772684732,0.44066374355586485,0.46480562082432647,-9.43689570931383e-15
7.84,0.7023218078875321,0.44203298241727434,0.4643547903047894,-3.9968028886505635e-15
7.86,0.7010877971451113,0.4431964697856835,0.4642842669307787,-4.9404924595819466e-15
7.88,0.7001536967007519,0.44439247744174504,0.46454617414247074,5.162537064506978e-15
7.9,0.6995822838082615,0.4455344400415911,0.4651167238498333,-1.7763568394002505e-15
7.92,0.6995133071801739,0.44651123930922454,0.4660245464893819,-4.496403249731884e-15
7.94,0.6996988447261147,0.4475683370508446,0.4672671817769396,-1.3877787807814457e-15
7.96,0.700287543898507,0.44846134651052494,0.4687488904090107,2.220446049250313e-16
7.98,0.701064832829065,0.44930149719953116,0.47036633002857675,-1.6653345369377348e-15
8.0,0.7019709302052941,0.4501710247353802,0.4721419549406526,6.661338147750939e-16
8.02,0.7033507560459915,0.45084483464021397,0.4741955906861967,-1.226796442210798e-14
8.040000000000001,0.7049814962466394,0.4515707950404058,0.47655229128702553,-1.3322676295501878e-15
8.06,0.7068240689858398,0.4522178153997394,0.4790418843855578,3.885780586188048e-16
8.08,0.7087279762429207,0.4527354972941356,0.481463473537043,-7.716050021144838e-15
8.1,0.7104972901259465,0.45333141971311625,0.483828709839054,-1.226796442210798e-14
8.120000000000001,0.7125845553440447,0.45376267076071825,0.4863472261047589,-1.6930901125533637e-14
8.14,0.7149474894969394,0.4541828865629285,0.48913037605986254,-1.5654144647214707e-14
8.16,0.7173673121696108,0.4546180771404994,0.4919853893100913,-2.1094237467877974e-15
8.18,0.7197121535795202,0.45488746130182617,0.49459961488131926,6.106226635438361e-15
8.2,0.721678377600241,0.45523479775370373,0.4969131753539276,-3.885780586188048e-15
8.22,0.7236974754226683,0.45549614980900766,0.49919362523166116,-6.2727600891321345e-15
8.24,0.7259990090485079,0.455678033120559,0.5016770421690436,2.220446049250313e-15
8.26,0.7282710282682052,0.4559432316797175,0.5042142599479024,-6.661338147750939e-16
8.28,0.730337565270726,0.4560608508432659,0.5063984161139748,-3.885780586188048e-15
8.3,0.7318343222450665,0.456213858057001,0.5080481803020381,8.326672684688674e-15
8.32,0.7330571665619622,0.45637676113534825,0.5094339276973036,-1.4099832412739488e-14
8.34,0.734508198520315,0.45641737691828177,0.5109255754385614,1.432187701766452e-14
8.36,0.7359205204533429,0.456563063422109,0.5124835838754197,1.1213252548714081e-14
8.38,0.7370260932645758,0.4566272768659676,0.5136533701305319,-9.547918011776346e-15
8.4,0.7374393099737393,0.4566657402370458,0.5141050502107515,1.2545520178264269e-14
8.42,0.7372527101269336,0.4567927715636839,0.5140454816905901,6.439293542825908e-15
8.44,0.7371558171200657,0.4567996015629853,0.5139554186830249,5.10702591327572e-15
8.46,0.7370706482847018,0.4568857577934589,0.5139564060781571,-1.7430501486614958e-14
8.48,0.7366331195168973,0.4569797157673191,0.5136128352841979,-2.55351295663786e-15
8.5,0.7354514436081877,0.45699777921461615,0.5124492228227854,-2.55351295663786e-15
8.52,0.7334048185821759,0.4571406880962395,0.5105455066783839,1.0436096431476471e-14
8.540000000000001,0.731231055828719,0.45721081553592613,0.5084418713646413,-1.7208456881689926e-14
8.56,0.7291417897306612,0.4573046352516083,0.5064464249822648,-1.63202784619898e-14
8.58,0.7267301357370054,0.4574864369543501,0.5042165726913321,2.3314683517128287e-15
8.6,0.723589210423449,0.45757613545244297,0.5011653458758771,-6.217248937900877e-15
8.620000000000001,0.7194215441989937,0.45777727570846216,0.4971988199074466,-1.1712852909795402e-14
8.64,0.7148655769830773,0.45798057707410156,0.4928461540571458,1.199040866595169e-14
8.66,0.710445697195936,0.45814953239666895,0.4885952295925954,-1.149080830487037e-14
8.68,0.7058130706534972,0.4584503850787511,0.4842634557322323,-5.051514762044462e-15
8.700000000000001,0.7005283150032493,0.4586842086974448,0.4792125237006586,1.4488410471358293e-14
8.72,0.6941762179605313,0.45897818138979046,0.4731543993503076,-6.8833827526759706e-15
8.74,0.6871822396448963,0.45934852959515016,0.4665307692400287,-3.219646771412954e-15
8.76,0.6803205362730187,0.45964964264476976,0.45997017891776865,-1.2212453270876722e-15
8.78,0.6734187326311343,0.46007812949322663,0.4534968621243413,-1.4432899320127035e-15
8.8,0.6660015160515402,0.46049556315411144,0.4464970792056439,-1.326716514427062e-14
8.82,0.6575915506394183,0.460908612258291,0.4385001628976909,-2.609024107869118e-15
8.84,0.6483477388616306,0.46144431854755613,0.42979205740918347,-1.7819079545233762e-14
8.86,0.6391640450726259,0.46191258171400995,0.4210766267866169,-2.0539125955565396e-15
8.88,0.6301406291512396,0.46246159707496437,0.4126022262261869,-3.9968028886505635e-15
8.9,0.6207945857368984,0.46306342820338486,0.40385801394025983,2.3869795029440866e-15
8.92,0.6106228881888416,0.46360994940075273,0.3942328375895691,4.163336342344337e-15
8.94,0.5995275914929483,0.46428177209650817,0.383809363589428,7.438494264988549e-15
8.96,0.5883645311874433,0.4649216054829961,0.3732861366704371,-1.8762769116165146e-14
8.98,0.5775449928550496,0.46557454085202266,0.3631195337070501,1.1102230246251565e-15
9.0,0.5666422583425175,0.46632627292394846,0.3529685312664449,0.0
9.02,0.5551436840594682,0.46700381604861213,0.34214750010806616,-6.827871601444713e-15
9.040000000000001,0.542750759722739,0.4677668726857101,0.3305176324084303,-2.220446049250313e-15
9.06,0.5301399779755538,0.46854990019612924,0.3186898781716686,-6.6058269965196814e-15
9.08,0.517997346096718,0.46928403172124966,0.3072813778179458,8.326672684688674e-16
9.1,0.5060378295243411,0.47012691993314887,0.29616474945747484,-5.9396931817445875e-15
9.120000000000001,0.49374622031041665,0.4709123718167193,0.2846585921271137,1.2212453270876722e-15
9.14,0.4806990899031928,0.47171781044553024,0.2724169003487027,-6.661338147750939e-16
9.16,0.4673045694426472,0.472588309647894,0.2598928790905209,-7.216449660063518e-16
9.18,0.4544185151780323,0.47337531229496776,0.2477938274729804,-1.3877787807814457e-15
9.200000000000001,0.4419779583700172,0.47424136996543537,0.23621932833543086,6.661338147750939e-16
9.22,0.42947925842714,0.4750910323562877,0.22457029078340995,-3.2751579226442118e-15
9.24,0.41644315265692483,0.47589433276105253,0.21233748541795788,-1.5543122344752192e-15
9.26,0.40298845823093876,0.47678121675069574,0.19976967498161396,-4.996003610813204e-16
9.28,0.38999577234781535,0.47758640872379754,0.1875821810715947,-2.831068712794149e-15
9.3,0.37766960145883416,0.4784129369360181,0.17608253839483373,-2.4980018054066022e-15
9.32,0.3655505229826981,0.4792679617947598,0.1648184847774401,-3.2751579226442118e-15
9.34,0.35315056408825585,0.48003267561557283,0.15318323970380965,-1.9984014443252818e-15
9.36,0.34034002048658135,0.48086474586137923,0.14120476634794163,-2.0816681711721685e-15
9.38,0.32787893410406727,0.4816473540016742,0.12952628810572267,-2.248201624865942e-15
9.4,0.31622858418269084,0.48238728625514965,0.11861587043782137,-1.915134717478395e-15
9.42,0.3050249350181065,0.48318392962869705,0.10820886464678454,-2.0122792321330962e-15
9.44,0.29379506583888276,0.48388167058653114,0.09767673642539489,-2.0122792321330962e-15
9.46,0.2822400576583363,0.48460190925199753,0.08684196691031473,-1.915134717478395e-15
9.48,0.27089221266964675,0.4853181182663169,0.07621033093594452,-1.9290125052862095e-15
9.5,0.2603990615694189,0.485944336409839,0.06634339797923877,-1.942890293094024e-15
9.52,0.250549005153444,0.4866265675742109,0.057175572727635834,-1.9290125052862095e-15
9.540000000000001,0.2408942549378031,0.4872353419493064,0.04812959688709035,-1.8943180357666733e-15
9.56,0.23105471108481518,0.4878104976701342,0.03886520875493023,-1.9012569296705806e-15
9.58,0.22129021758582468,0.4884196074463937,0.02970982503219919,-1.8665624601510444e-15
9.6,0.21232020135379862,0.4889235908237132,0.0212437921774926,-1.8735013540549517e-15
9.620000000000001,0.20412796520019075,0.48945452104469167,0.013582486244863037,-1.6792123247455493e-15
9.64,0.1963007710352564,0.4899576299289941,0.006258400964231417,-1.945492378307989e-15
9.66,0.18844881187753723,0.4903810448965273,-0.0011701432259548618,-1.6263032587282567e-15
9.68,0.18058100784995285,0.4908533840608888,-0.008565608089176967,-2.4216739724636227e-15
9.700000000000001,0.17336114906843475,0.49124026980831104,-0.015398581123273036,-2.1545265571631944e-15
9.72,0.1669756957915984,0.49160906536211785,-0.02141523884630297,-1.7832957333041577e-15
9.74,0.16106612743207546,0.4919959021718492,-0.02693797039609447,-1.887379141862766e-15
9.76,0.15527468331420768,0.49228375556961146,-0.03244156111620035,-1.5404344466674047e-15
9.78,0.14943121401891524,0.49260783124864166,-0.037960954732461874,-2.2620794126737565e-15
9.8,0.1440381672187285,0.49289063127154364,-0.04307120150974707,-1.790234627208065e-15
9.82,0.1394492191677819,0.4931129639865873,-0.04743781684565007,-1.7763568394002505e-15
9.84,0.13538870196312047,0.49338158453970615,-0.05122971349719169,-2.7200464103316335e-15
9.86,0.13154374814611425,0.49356466759927703,-0.05489158425462856,-1.1934897514720433e-15
9.88,0.1276590212803581,0.4937508809946282,-0.058590097725034034,-6.730727086790012e-16
9.9,0.12401939698416284,0.4939461212913295,-0.06203448172452724,-1.4502288259166107e-15
9.92,0.12107050242067283,0.4940582530920639,-0.06487124448728085,-3.4139358007223564e-15
9.94,0.11864849131631577,0.4942183041239622,-0.067133204559742,-1.0824674490095276e-15
9.96,0.11648033019750358,0.49433244744538424,-0.06918722235713007,-3.1363800445660672e-15
9.98,0.11431140608221312,0.49441165075004717,-0.07127694316775725,-3.4833247397614286e-15
10.0,0.11221375271825239,0.4945374262281543,-0.07324882105361016,-4.191091917959966e-15
10.02,0.11062953778876788,0.4945859652645474,-0.07478449694670758,1.7763568394002505e-15
10.040000000000001,0.10952210900777481,0.4946599989349914,-0.07581789205725196,-2.8449465006019636e-15
10.06,0.10864939138591956,0.49473809633565063,-0.07661251227844808,-2.761679773755077e-15
10.08,0.10781356423803547,0.4947549421374968,-0.07743149362448705,-1.7069679003611782e-15
10.1,0.10693193220489093,0.49483094137440586,-0.07823712642072332,-9.020562075079397e-16
10.120000000000001,0.10635495602514798,0.4948614656843317,-0.07878357829054007,-1.2628786905111156e-15
10.14,0.10616326871383885,0.49488307663980025,-0.07895365464637918,-2.7478019859472624e-15
10.16,0.10614319237735247,0.49495050358195414,-0.07890630404071224,-2.1788126858268697e-15
10.18,0.10617183680121653,0.4949532949950495,-0.07887486820375399,-1.0130785099704553e-15
10.200000000000001,0.10610034650231212,0.49500136942528045,-0.07889828407242729,-1.1518563880486e-15
10.22,0.10613240738300268,0.49504913669694345,-0.07881845592007154,-3.372302437298913e-15
10.24,0.1064276163728989,0.49505754832579674,-0.07851483530132226,-3.1502578323738817e-15
10.26,0.10680656179931636,0.4951312055979954,-0.0780622326027092,-8.326672684688674e-17
10.28,0.10720717694001176,0.4951611297756951,-0.07763169328431302,-1.1102230246251565e-15
10.3,0.10750377696095283,0.49520483365834006,-0.07729138938072397,-4.191091917959966e-15
10.32,0.10774703348060842,0.49528976727417146,-0.07696319924524131,1.6653345369377348e-16
10.34,0.10811695044198516,0.49532195545263297,-0.07656109410540078,-2.067790383364354e-15
10.36,0.10847710599956144,0.4954118246018106,-0.07611106939864777,-1.2628786905111156e-15
10.38,0.10879450238957246,0.49549462191536536,-0.07571087569508213,-1.096345236817342e-15
10.4,0.10903034070768308,0.4955568243258819,-0.0754128349664513,-4.704570066849101e-15
10.42,0.1091247947453248,0.49568334499348016,-0.07519186026121552,-5.828670879282072e-16
10.44,0.10921691568077663,0.49576590963136535,-0.07501717468787862,-4.3021142204224816e-16
10.46,0.10921567112614411,0.4958773684094515,-0.07490696046442376,-1.7069679003611782e-15
10.48,0.10908404291107093,0.4960196246175016,-0.07489633247144578,-2.7755575615628914e-15
10.5,0.10889311499535467,0.4961184344195272,-0.07498845058513814,-9.992007221626409e-16
10.52,0.10854829010739117,0.4962791244731292,-0.0751725854194995,-1.1102230246251565e-15
10.540000000000001,0.10810409527373102,0.49642243889218085,-0.0754734658341068,-2.3869795029440866e-15
10.56,0.10750386086985331,0.4965578016452808,-0.07593833748488532,-1.609823385706477e-15
10.58,0.10668371189195375,0.4967485040831262,-0.07656778402493997,-1.1657341758564144e-15
10.6,0.10580635148884801,0.496892816584368,-0.07730083192680286,-2.1788126858268697e-15
10.620000000000001,0.10482591483294308,0.49707391326452577,-0.07810017190255107,-1.0685896612017132e-15
10.64,0.10370265170083999,0.4972704635150443,-0.07902688478413433,-2.3869795029440866e-15
10.66,0.10238931852284011,0.4974290716023922,-0.08018160987478702,-1.6514567491299204e-15
10.68,0.10078617786325077,0.4976454239333027,-0.08156839820346568,-1.942890293094024e-15
10.700000000000001,0.09910004559099873,0.4978319100425488,-0.08306804436647167,-1.8596235662471372e-15
10.72,0.09739846306369516,0.4980184986571544,-0.08458303827916937,-2.095545958979983e-15
10.74,0.09557664984007659,0.4982460020322805,-0.08617734812766205,-1.8735013540549517e-15
10.76,0.09356539552182334,0.49842323934620525,-0.08801136513199036,-2.123301534595612e-15
10.78,0.0912301998658411,0.498638559955687,-0.09013124017849078,-2.1094237467877974e-15
10.8,0.08876388955088214,0.49885164097006324,-0.09238446947907353,-2.1649348980190553e-15
10.82,0.0863740987557786,0.4990310771589525,-0.0945948240852878,-2.1094237467877974e-15
10.84,0.08395120670045768,0.4992594371546564,-0.09678935614490472,-2.248201624865942e-15
10.86,0.0813790699457547,0.49944579472260675,-0.09917513533165746,-2.095545958979983e-15
10.88,0.07849240448886227,0.4996369904094017,-0.10187060510175483,-2.220446049250313e-15
10.9,0.07541939466968563,0.4998523745615065,-0.10472823076882662,-2.3037127760972e-15
10.92,0.07249029994691972,0.5000155366308207,-0.10749416342227837,-2.3175905639050143e-15
10.94,0.06966292045923397,0.5002155076799583,-0.11012157186082658,-2.248201624865942e-15
10.96,0.06676868715869674,0.5003969453141843,-0.11283436752713773,-2.2065682614424986e-15
10.98,0.0636124791001293,0.5005495795465681,-0.11583794135332139,-2.2065682614424986e-15
11.0,0.06022632361405621,0.5007406619949253,-0.11903301439103724,-2.2898349882893854e-15
11.02,0.05700909376102304,0.5008816335132575,-0.12210927272573817,-2.2898349882893854e-15
11.040000000000001,0.05404696910660044,0.5010326376917417,-0.12492039320167662,-2.2898349882893854e-15
11.06,0.05114036641782449,0.5011929552515013,-0.12766667833069295,-2.275957200481571e-15
11.08,0.048061165978312066,0.5013030297405728,-0.13063580428113386,-2.220446049250313e-15
11.1,0.04473579943147286,0.5014483764025366,-0.1338158241660093,-2.275957200481571e-15
11.120000000000001,0.0415587715504904,0.5015636873908198,-0.13687754105870853,-2.3314683517128287e-15
11.14,0.03877425874501567,0.5016586559003849,-0.13956708535461815,-2.220446049250313e-15
11.16,0.036197945599197694,0.5017836441180102,-0.1420184102828108,-2.3592239273284576e-15
11.18,0.03356588945421443,0.5018564179252546,-0.14457769262054967,-2.3037127760972e-15
11.200000000000001,0.030707054174390493,0.5019460830719152,-0.147346862753713,-2.3314683517128287e-15
11.22,0.027940522942288337,0.5020345349423342,-0.15002494211539621,-2.3037127760972e-15
11.24,0.025656565410393933,0.5020807309005342,-0.1522627036890905,-2.3869795029440866e-15
11.26,0.023745527394516883,0.5021629420671753,-0.1540915305383267,-2.220446049250313e-15
11.28,0.021912797934556007,0.5022099742930465,-0.1558772277724163,-2.220446049250313e-15
11.3,0.019907485421114212,0.5022487173274731,-0.15784379725143155,-2.1649348980190553e-15
11.32,0.017921486436748055,0.5023122037449104,-0.1597663098183602,-2.3869795029440866e-15
11.34,0.01644038122499393,0.5023282932450351,-0.1612313255299894,-2.581268532253489e-15
11.36,0.015483724478247429,0.5023707634800058,-0.16214551204176514,-2.7200464103316335e-15
11.38,0.014746033522924602,0.5024066199550106,-0.16284734652208335,-2.525757381022231e-15
11.4,0.0139164446359209,0.5024130634977476,-0.16367049186634985,-2.6645352591003757e-15
11.42,0.01303631753770264,0.502458006584064,-0.16450567587825204,-2.3314683517128287e-15
11.44,0.01261090252801397,0.5024687125281135,-0.16492038494389122,-2.275957200481571e-15
11.46,0.012820534950064045,0.5024861097780903,-0.1646933552718642,-2.4702462297909733e-15
11.48,0.013384922784894423,0.5025258253487903,-0.16408925186633416,-2.1094237467877974e-15
11.5,0.01395207978940573,0.5025278707990226,-0.16352004941159037,-2.3314683517128287e-15
11.52,0.014417590325879796,0.50256630591934,-0.16301610375479872,-2.525757381022231e-15
11.540000000000001,0.015226203250088607,0.5025964681708378,-0.16217732857909206,-2.55351295663786e-15
11.56,0.01671560155815218,0.5026128980428604,-0.16067150039900632,-2.1371793224034263e-15
11.58,0.018677528208044816,0.5026705764320901,-0.15865189535988378,-2.3314683517128287e-15
11.6,0.02073779501156777,0.5026985102471986,-0.1565636947412522,-2.4424906541753444e-15
11.620000000000001,0.02267153906179885,0.5027477507229853,-0.15458071021523456,-2.3314683517128287e-15
11.64,0.02479823866361928,0.5028174368038474,-0.15238432453255182,-2.525757381022231e-15
11.66,0.027572770505923598,0.5028612329316837,-0.14956599656241137,-2.3869795029440866e-15
11.68,0.030904886861846295,0.50294945514748,-0.14614565799069235,-2.3314683517128287e-15
11.700000000000001,0.03442075277613066,0.5030287681883846,-0.14255047903550336,-2.4147350785597155e-15
11.72,0.03781038697282212,0.5031090219326891,-0.13908059109450738,-2.3869795029440866e-15
11.74,0.04123225840071762,0.5032306493362771,-0.13553709226302388,-2.3592239273284576e-15
11.76,0.045190813762133145,0.5033275003410065,-0.13148168589687892,-2.4424906541753444e-15
11.78,0.0497447909622014,0.5034568192212743,-0.12679838981654296,-2.3869795029440866e-15
11.8,0.05454968514526738,0.5036026657217928,-0.12184764913295841,-2.456368441983159e-15
11.82,0.05924647163865141,0.5037327821058518,-0.1170207462555153,-2.5396351688300456e-15
11.84,0.06383001252368403,0.5039103559687085,-0.11225963150762606,-2.456368441983159e-15
11.86,0.06877640078342254,0.5040767047112731,-0.107146894505323,-2.4424906541753444e-15
11.88,0.07429777990742129,0.5042545778117181,-0.10144764228087928,-2.373101715136272e-15
11.9,0.0801135322219775,0.5044691178675044,-0.09541734991053678,-2.400857290751901e-15
11.92,0.08584722211098228,0.5046614833074404,-0.0894912945815959,-2.42861286636753e-15
11.94,0.09135549681431718,0.5048913719162162,-0.08375313126948516,-2.4147350785597155e-15
11.96,0.09701740206367221,0.5051299651392249,-0.0778526327971216,-2.248201624865942e-15
11.98,0.10317180293202738,0.5053589524923305,-0.07146924457566069,-2.373101715136272e-15
12.0,0.10963658836994218,0.5056318474170262,-0.0647315642130503,-2.400857290751901e-15
