time_s,exact_primary_m,rho1_primary_m,rho05_primary_m,rho1_energy_J,rho05_energy_J,rho05_low_mode_energy_J,rho05_high_mode_energy_J
0.0,0.5031688265634978,0.5031688265634978,0.5031688265634978,0.680000000000021,0.680000000000021,0.5000000000000001,0.18000000000000105
0.05,0.49470162111479493,0.49625559346317216,0.4968295950934191,0.680000000000017,0.6734858917948432,0.49999965192139717,0.1734862398734465
0.1,0.49410914849755716,0.4896152912169978,0.48911866477155547,0.6799999999999997,0.6451772008216811,0.49999584116760587,0.1451813596540642
0.15000000000000002,0.478196039750676,0.4837571939263673,0.48260572472615326,0.6800000000000094,0.5940779724275669,0.4999900459974566,0.09408792643010819
0.2,0.4673262125594694,0.46425557256224853,0.4661012853368458,0.6800000000000156,0.5723446076879164,0.49998241767991614,0.0723621900079803
0.25,0.4455984877353497,0.44483878084987727,0.44498484018442586,0.6800000000000122,0.5547556803858175,0.4999731720311973,0.054782508354608114
0.30000000000000004,0.423974556012933,0.427028880134592,0.42457333660400487,0.6800000000000226,0.535899075744368,0.4999625808303009,0.03593649491406146
0.35000000000000003,0.3977606440459484,0.39611116626155696,0.39828200986737594,0.6800000000000117,0.529850885828684,0.49995096241491965,0.02989992341375737
0.4,0.3658719461872537,0.36539113001385154,0.3664646314927931,0.6800000000000093,0.5198651586795905,0.4999386706657561,0.01992648801383905
0.45,0.33601084060827646,0.33738668059104276,0.334266892560337,0.6800000000000141,0.5147288048599331,0.49992608276100936,0.014802722098917854
0.5,0.2953595049044143,0.2971245661506145,0.2990820227392703,0.6800000000000126,0.5114898882635017,0.4999135861247691,0.011576302138731134
0.55,0.2621887888337378,0.2574293950482037,0.25931164102003484,0.68000000000001,0.5073761989177346,0.4999015650209428,0.007474633896787776
0.6000000000000001,0.2151407951147192,0.22178781063074612,0.2185017676201259,0.680000000000011,0.5060651943767182,0.49989038725660917,0.006174807120108488
0.65,0.1786554998785741,0.17499256462422363,0.17656072801397832,0.6800000000000133,0.5041136141452651,0.49988039145490204,0.004233222690363902
0.7000000000000001,0.12812493413667847,0.12932467316569393,0.1317680936357763,0.6800000000000138,0.5029021946827298,0.4998718753378141,0.003030319344916204
0.75,0.08826003917411993,0.08920381347049754,0.08603344457572207,0.6800000000000133,0.5023011610837196,0.4998650854243657,0.0024360756593537827
0.8,0.03729460262901991,0.03920900501320833,0.0404036435025945,0.6800000000000128,0.5014238749804353,0.4998602085006066,0.0015636664798285354
0.8500000000000001,-0.005747616190788729,-0.008987725626934694,-0.00621065237537563,0.6800000000000126,0.5011274222655843,0.4998573651565999,0.001270057108984416
0.9,-0.05438887105147921,-0.05007590451118964,-0.053028697967043945,0.6800000000000124,0.5007564974395867,0.49985660561401907,0.0008998918255674536
0.9500000000000001,-0.09985744414344035,-0.09967227642894404,-0.09877540688496715,0.6800000000000123,0.5004797209236063,0.49985790798872226,0.0006218129348843341
1.0,-0.1440421412133511,-0.14677953997238613,-0.14382810798843373,0.6800000000000102,0.5003714010941891,0.4998611790484089,0.0005102220457795903
1.05,-0.19048220054695306,-0.18524284372769345,-0.18798745222500032,0.6800000000000122,0.5001951594666701,0.49986625743912994,0.00032890202753837105
1.1,-0.22888748303376652,-0.23085679779468352,-0.23019525603020766,0.6800000000000118,0.5001333383639701,0.49987291926898897,0.0002604190949775286
1.1500000000000001,-0.27416092597677677,-0.27336237803414665,-0.27033329758076163,0.6800000000000114,0.5000720186686425,0.4998808858558096,0.00019113281282772792
1.2000000000000002,-0.30626816144735214,-0.305808477054023,-0.3084050750729284,0.6800000000000094,0.5000179084413834,0.4998898333706653,0.00012807507071338392
1.25,-0.347756746323774,-0.34414746093377085,-0.34369785420991195,0.680000000000005,0.5000057333624224,0.49989940404356603,0.00010632931884441019
1.3,-0.3736707823552202,-0.37891744491653906,-0.3758683457968502,0.6800000000000194,0.4999787221524056,0.4999092185435424,6.950360885656272e-05
1.35,-0.40862309933886265,-0.4024184734931643,-0.40493874911346484,0.6800000000000148,0.49997218459138454,0.4999188891047365,5.329548664357969e-05
1.4000000000000001,-0.42877090393178996,-0.4307362055744018,-0.43051158068822987,0.6800000000000176,0.49996853861171453,0.49992803294428856,4.0505667412116085e-05
1.4500000000000002,-0.4547185838143753,-0.45525776389781486,-0.4522285462975272,0.6800000000000044,0.49996279421526724,0.4999362855077254,2.650870754144948e-05
1.5,-0.4695104800197305,-0.4675788706430035,-0.47008606436385897,0.6800000000000137,0.4999653620740669,0.4999433130835176,2.2048990544909113e-05
1.55,-0.48466081029841174,-0.4838878308938466,-0.483923206287113,0.6800000000000272,0.49996356259137886,0.4999488243503102,1.473824108597282e-05
1.6,-0.49420522315458354,-0.49646371932812955,-0.4934885575317149,0.6800000000000036,0.49996348192120427,0.4999525804572635,1.090146393500123e-05
1.6500000000000001,-0.497721526008022,-0.49623782230308433,-0.49877910153855193,0.6800000000000274,0.49996295866553464,0.4999544032887044,8.555376813459992e-06
1.7000000000000002,-0.5016693676942457,-0.4994628984584072,-0.49979922508525676,0.6800000000000058,0.49995969900911363,0.499954181627116,5.517382000123204e-06
1.75,-0.4937760897896169,-0.4993425832421976,-0.49645287711604497,0.6800000000000096,0.49995642615106556,0.49995187500121774,4.551149834949979e-06
1.8,-0.4913372903111484,-0.4861777594560341,-0.4887824012932147,0.6800000000000247,0.4999506465913218,0.4999475150859977,3.1315053042534333e-06
1.85,-0.473227568501389,-0.4762391227742207,-0.47691041138617435,0.6799999999999968,0.4999434367251464,0.49994120460626323,2.232118873604404e-06
1.9000000000000001,-0.46335809725032395,-0.463676352103275,-0.46089792156488096,0.6800000000000215,0.49993491319733874,0.4999331137816638,1.7994156658015278e-06
1.9500000000000002,-0.4369276929345633,-0.43818752072034794,-0.4408668133733848,0.680000000000019,0.4999246294166868,0.499923474436214,1.1549804579444099e-06
2.0,-0.41864157615753417,-0.41600629935870304,-0.4170311225865677,0.6800000000000147,0.4999135076843299,0.4999125719761567,9.357081635769434e-07
2.0500000000000003,-0.38611331558344164,-0.3922386538483385,-0.3895867351089282,0.680000000000019,0.4999014011876538,0.49990073551376735,6.65673887718489e-07
2.1,-0.3588414254311341,-0.3560010896325976,-0.3587482693759348,0.680000000000013,0.49988878467299047,0.49988832647885595,4.581941290676814e-07
2.15,-0.3223688842846416,-0.3234274008189541,-0.32480434100822403,0.6800000000000103,0.4998761027725308,0.49987572611205155,3.766604706711278e-07
2.2,-0.2862727309307125,-0.290579412770368,-0.28805408960167084,0.6800000000000106,0.4998635653554161,0.4998633222726414,2.4308277779483284e-07
2.25,-0.24761492189897005,-0.24600769473754722,-0.24879781528035103,0.6800000000000088,0.4998516878243965,0.4998514960174605,1.918069329614761e-07
2.3000000000000003,-0.2037727044853718,-0.20567662410527532,-0.2073828201328448,0.6800000000000144,0.49984074977402826,0.49984060841524,1.4135878637534926e-07
2.35,-0.16411229912700126,-0.16659398902779837,-0.16417755113745816,0.6800000000000129,0.4998310824760397,0.49983098805267645,9.44233634723111e-08
2.4000000000000004,-0.11452392703131951,-0.11675577787205453,-0.11954610691507458,0.680000000000013,0.4998229981137819,0.49982291966454445,7.844923695741464e-08
2.45,-0.07446483213927957,-0.07188248767881149,-0.07387457164187275,0.680000000000013,0.49981668567370097,0.49981663428127865,5.1392422062524237e-08
2.5,-0.02186537785592977,-0.02991024107912603,-0.027567045759671498,0.6800000000000129,0.4998123404834444,0.4998123012349387,3.924850577417129e-08
2.5500000000000003,0.01839968018100025,0.021710661686522945,0.01897905378592852,0.6800000000000128,0.4998100522473977,0.49981002230016464,2.994723308787964e-08
2.6,0.07088298705426593,0.06758078843800396,0.06536382351272196,0.6800000000000125,0.4998098477285863,0.4998098281728507,1.9555735301371393e-08
2.6500000000000004,0.11128675427420737,0.10885890578633566,0.11118008669536336,0.6800000000000124,0.4998116936668635,0.4998116774083722,1.6258490888235035e-08
2.7,0.16056145104214056,0.15863182665257353,0.1560308787873493,0.6800000000000122,0.4998154687572486,0.49981545785609394,1.0901153352985822e-08
2.75,0.20083967786151255,0.20189860876095841,0.199530914642263,0.6800000000000108,0.49982099856900136,0.49982099054050566,8.028492559055012e-09
2.8000000000000003,0.24426627493574307,0.23893936072096406,0.24130086205598078,0.680000000000009,0.4998280421770978,0.49982803585467483,6.322420739090612e-09
2.85,0.2836890465673581,0.28336745091397747,0.280977275019234,0.6800000000000155,0.4998363059246544,0.4998363018516895,4.072962333234731e-09
2.9000000000000004,0.31940001824144637,0.32065551620013266,0.318218558826965,0.6800000000000146,0.4998454577014306,0.4998454543471737,3.354250090315227e-09
2.95,0.35663409849666095,0.3502322778507341,0.35270146063427,0.6800000000000153,0.4998551307998187,0.4998551284832867,2.3165298129595193e-09
3.0,0.3836870090894652,0.3862228506760597,0.3841255275238393,0.6800000000000075,0.4998649429982851,0.49986494135404985,1.6442250489009184e-09
3.0500000000000003,0.41683379801911985,0.4146437212366585,0.4122194905894725,0.6800000000000104,0.4998745065841883,0.4998745052551232,1.329057829773778e-09
3.1,0.4351716585016312,0.43409804441947436,0.4367402382812077,0.6800000000000067,0.49988344195272216,0.4998834410995438,8.531731312953503e-10
3.1500000000000004,0.46198147017634655,0.45920157004251133,0.4574741000640601,0.680000000000009,0.4998913922245675,0.49989139153520445,6.893501126204937e-10
3.2,0.4722193751423614,0.4765778793622277,0.4742416405479416,0.6800000000000131,0.4998980338025945,0.4998980333101687,4.924096784804394e-10
3.25,0.4904383289365151,0.4840269845233045,0.4868981294189485,0.6800000000000306,0.4999030887956164,0.49990308845794973,3.3764670380223903e-10
3.3000000000000003,0.4935363983979715,0.4966261920734226,0.49533326890001506,0.680000000000011,0.49990633419376573,0.4999063339157195,2.7804243451601667e-10
3.35,0.501308185116075,0.5016606277891915,0.49947381947879554,0.6800000000000036,0.4999076094222932,0.49990760924263233,1.7966717203222154e-10
3.4000000000000004,0.49821686786854297,0.49614471083575873,0.49928439302751626,0.6799999999999987,0.49990682231246086,0.49990682217120336,1.4126848178941334e-10
3.45,0.4944463741191798,0.4955791208422698,0.4947664484642436,0.6800000000000261,0.49990395190418635,0.49990395179965585,1.0454331926322604e-10
3.5,0.485814958256979,0.4879549781870105,0.4859589154972139,0.6800000000000024,0.499899049384421,0.4998990493147873,6.961838922871768e-11
3.5500000000000003,0.47040800707622543,0.4695128932220905,0.4729384500203419,0.6800000000000129,0.49989223627821894,0.4998922362203525,5.787554230626225e-11
3.6,0.456429626484107,0.45612911589562244,0.4558179640334721,0.6800000000000233,0.4998837001702939,0.49988370013228556,3.800234063755554e-11
3.6500000000000004,0.43035121251770686,0.43653465621424137,0.43474567532549485,0.6800000000000015,0.499873688315172,0.49987368828626766,2.8903721041742682e-11
3.7,0.4107820995862579,0.40620209520054174,0.4099043945749478,0.6800000000000093,0.4998624990044568,0.4998624989823108,2.2139968005507334e-11
3.75,0.3759176657300861,0.38132599283564483,0.3815095911378605,0.6800000000000053,0.4998504712768508,0.4998504712624151,1.4427570179627028e-11
3.8000000000000003,0.35026364083349404,0.35140071688948077,0.34980730711923896,0.6800000000000093,0.49983797319048623,0.49983797317848905,1.1987944864879205e-11
3.85,0.30911393066666215,0.3111310238840579,0.31507240442038226,0.6800000000000069,0.4998253890645759,0.4998253890565082,8.06324848586208e-12
3.9000000000000004,0.27693415214493006,0.27696390130786896,0.27760612279432006,0.6800000000000086,0.4998131062035258,0.49981310619761155,5.912759585134682e-12
3.95,0.23221281459884635,0.23917090915012118,0.2377332241030493,0.680000000000004,0.4998015014810006,0.4998015014763265,4.671992408137806e-12
4.0,0.19346021221419235,0.1916846726673622,0.19579935981401772,0.6800000000000048,0.49979092830266336,0.4997909282996557,3.0069198754705844e-12
4.05,0.1476852585585084,0.1511315573110846,0.15216814762799882,0.6800000000000057,0.4997817043807583,0.49978170437828523,2.4719910389248336e-12
4.1000000000000005,0.10299238440614945,0.10856590471846206,0.10721784314548972,0.6800000000000068,0.49977410073477113,0.4997741007330566,1.7136584991580674e-12
4.15,0.0581625089001037,0.05714100077411957,0.061338107843916106,0.6800000000000072,0.49976833231831835,0.49976833231710716,1.2112149949263277e-12
4.2,0.00899343455639787,0.013584345757026859,0.014926732259051367,0.6800000000000069,0.499764550579152,0.4997645505781705,9.81584406714407e-13
4.25,-0.03358181413001925,-0.03026772392289544,-0.031613905456483286,0.680000000000007,0.49976283821902207,0.49976283821839185,6.302767267774273e-13
4.3,-0.08496130366168472,-0.0820493426824773,-0.07788034886919866,0.6800000000000075,0.49976320633348104,0.4997632063329732,5.078346336338099e-13
4.3500000000000005,-0.1246470459804245,-0.12501296235003137,-0.12347148127111368,0.6800000000000072,0.49976559402700876,0.4997655940266444,3.6423737097869585e-13
4.4,-0.17538505141985658,-0.16654521827124233,-0.16799203367287488,0.6800000000000086,0.49976987052146843,0.4997698705212211,2.4882819665439055e-13
4.45,-0.2120374333497306,-0.21507433412078703,-0.21105605239338043,0.6800000000000075,0.4997758396815108,0.4997758396813034,2.052306809740453e-13
4.5,-0.2590563698076872,-0.2539140893895864,-0.2522901993700522,0.6800000000000062,0.4997832468016385,0.49978324680150277,1.3280346706405428e-13
4.55,-0.2927263805238035,-0.2896808898708046,-0.2913369851909313,0.6800000000000087,0.4997917874204302,0.4997917874203256,1.0404391474069897e-13
4.6000000000000005,-0.33315182285943196,-0.3315999468691551,-0.32785790378850316,0.6800000000000053,0.4998011178557847,0.49980111785571424,7.731341158728426e-14
4.65,-0.36376044602595337,-0.36312545802340224,-0.36153634936107293,0.6800000000000126,0.4998108670977346,0.4998108670976779,5.133324356656298e-14
4.7,-0.3953247981977022,-0.3901099203661744,-0.39208034537990444,0.679999999999996,0.4998206496465284,0.4998206496464844,4.269453170113363e-14
4.75,-0.42239971769037904,-0.42257241695090736,-0.4192250978122029,0.6800000000000057,0.49983007885219777,0.49983007885216646,2.8102189351930898e-14
4.800000000000001,-0.44373241734538627,-0.4441819650766283,-0.4427352895886926,0.6800000000000024,0.49983878029379336,0.4998387802937564,2.1285475153727906e-14
4.8500000000000005,-0.46628042247590795,-0.4600309080780486,-0.46240710517134304,0.6800000000000018,0.49984640473530073,0.49984640473528824,1.6367259982388287e-14
4.9,-0.4770229130003877,-0.48092112227455996,-0.478070007114288,0.6799999999999964,0.4998526402102628,0.49985264021024955,1.064500626346965e-14
4.95,-0.4935776128525147,-0.4908040981926845,-0.48958822019393644,0.6800000000000124,0.49985722281634215,0.4998572228163355,8.838582321074078e-15
5.0,-0.4943026137201267,-0.49401151619369055,-0.49686189806525166,0.6800000000000196,0.499859945847014,0.49985994584697835,5.964271019566151e-15
5.050000000000001,-0.5031425625468788,-0.5021075097325371,-0.4998279905283682,0.6799999999999928,0.49986066694369086,0.4998606669436854,4.354662623217681e-15
5.1000000000000005,-0.4951032052183014,-0.49938538256690473,-0.4984607966096672,0.6800000000000015,0.4998593130216984,0.4998593130217047,3.452191330840853e-15
5.15,-0.49459199567923556,-0.4894102052701863,-0.49277218223034297,0.6800000000000054,0.49985588279859344,0.49985588279858545,2.220073103837463e-15
5.2,-0.4793659780382179,-0.48447745620686955,-0.4828114753233026,0.6799999999999965,0.4998504468381664,0.4998504468381573,1.8216966912081273e-15
5.25,-0.4683339839920872,-0.46927231675910747,-0.4686650428579571,0.6799999999999933,0.49984314510839606,0.4998431451084118,1.2676845148680304e-15
5.300000000000001,-0.44745142632272583,-0.44658131036853194,-0.4504555406265353,0.6800000000000064,0.49983418213781855,0.49983418213781217,8.922739183604791e-16
5.3500000000000005,-0.42552653340353425,-0.42938970915601854,-0.428340847054578,0.680000000000009,0.49982381993764474,0.4998238199376456,7.249073866709841e-16
5.4,-0.40017201657624907,-0.40281506592599575,-0.4025126969155989,0.6800000000000155,0.4998123689353494,0.4998123689353413,4.656465816637583e-16
5.45,-0.36797695850016987,-0.36884754238068584,-0.3731950195115317,0.6800000000000017,0.49980017723249914,0.49980017723249637,3.741007329725419e-16
5.5,-0.33883592680737296,-0.3411104356847171,-0.34064199505638926,0.6800000000000104,0.4997876185593224,0.49978761855932563,2.694227430179481e-16
5.550000000000001,-0.29800031192148335,-0.30518497721154886,-0.3051358518226654,0.6800000000000042,0.4997750793423584,0.49977507934235166,1.833840322688184e-16
5.6000000000000005,-0.26528266467293754,-0.26224204828017106,-0.26698442036395814,0.6800000000000006,0.49976294533284255,0.4997629453328383,1.5147591781612094e-16
5.65,-0.21826105908343163,-0.226482066296023,-0.22651846344397658,0.6800000000000014,0.49975158825866384,0.49975158825866284,9.816925571198281e-17
5.7,-0.18188953848033865,-0.1839730839299465,-0.18408880833316402,0.6800000000000009,0.49974135296151423,0.49974135296151523,7.662658409898318e-17
5.75,-0.1316225613318966,-0.13504005447344397,-0.14006330620147894,0.6800000000000024,0.4997325454645091,0.49973254546450857,5.717387247635209e-17
5.800000000000001,-0.09153158587821854,-0.09439214131710506,-0.09482364247817321,0.6800000000000024,0.49972542238309425,0.49972542238309375,3.785334487350533e-17
5.8500000000000005,-0.041023790391833764,-0.04860076729735505,-0.048762027358131524,0.6800000000000022,0.49972018204568375,0.49972018204568364,3.149346822896978e-17
5.9,0.0025140044630964156,0.0028835476269290523,-0.0022777960911890744,0.6800000000000024,0.4997169576312303,0.49971695763123036,2.0782011183552367e-17
5.95,0.0506065878287197,0.04491660596183874,0.044226053128766166,0.6800000000000026,0.4997158125612037,0.4997158125612035,1.567519625058864e-17
6.0,0.0967166711152563,0.09041167308066225,0.09034635339910366,0.6800000000000026,0.49971673830540914,0.499716738305409,1.2099100328445044e-17
6.050000000000001,0.14039969117087103,0.1408208023481323,0.1356832641129619,0.680000000000003,0.49971965467755963,0.4997196546775592,7.854753922947151e-18
6.1000000000000005,0.18748071307605463,0.18064137039993874,0.1798437372325593,0.6800000000000034,0.4997244126103557,0.49972441261035394,6.516197609388906e-18
6.15,0.22557047317636916,0.22226175803482473,0.22244492509755784,0.6800000000000055,0.4997307993140358,0.499730799314032,4.411769704594677e-18
6.2,0.27135036975114396,0.2680619646108141,0.263117499458101,0.6800000000000004,0.4997385456398836,0.4997385456398785,3.2072142683415104e-18
6.25,0.30343395011596763,0.3022578741946175,0.30150885316619425,0.6799999999999987,0.49974733539388083,0.49974733539387717,2.5507102100526132e-18
6.300000000000001,0.3452049903516364,0.336703472370445,0.33728615720942173,0.6800000000000067,0.4997568162782237,0.49975681627821755,1.63925465767914e-18
6.3500000000000005,0.3714326773048838,0.3747269159376312,0.3701392461794501,0.6800000000000042,0.49976661208204654,0.4997666120820381,1.34240283093364e-18
6.4,0.40641911503364353,0.4003373427161348,0.39978330707020243,0.6800000000000079,0.4997763356995652,0.49977633569956353,9.377727298517679e-19
6.45,0.42719056165960967,0.4248427080304932,0.4259613484431012,0.6800000000000039,0.4997856025251717,0.49978560252516646,6.57345295860831e-19
6.5,0.45296924193368127,0.45253217769868564,0.44844642841981674,0.6799999999999983,0.49979404376184994,0.4997940437618414,5.353136616700446e-19
6.550000000000001,0.46859966714803053,0.4672784342085669,0.4670436220102346,0.6799999999999942,0.499801319182586,0.4998013191825805,3.440441861703869e-19
6.6000000000000005,0.48347973558078194,0.47982775550089385,0.4815917109199335,0.6800000000000265,0.4998071289030855,0.4998071289030693,2.7557498033514605e-19
6.65,0.4939359258105375,0.49543397733916467,0.4919645812032718,0.6800000000000148,0.4998112237583725,0.49981122375834713,1.9928586256206856e-19
6.7,0.4972122140517403,0.4978973028222621,0.4980723164914506,0.6799999999999977,0.4998134139243667,0.4998134139243627,1.3516134115005515e-19
6.75,0.5019893280232851,0.49738123962116754,0.4998619773961327,0.6800000000000287,0.49981357548614797,0.4998135754861176,1.117943692797846e-19
6.800000000000001,0.4940130346707964,0.5000974454955738,0.4973180604008162,0.6800000000000082,0.49981165472516215,0.4998116547251227,7.257065701140378e-20
6.8500000000000005,0.49218687188438504,0.48982998773850966,0.4904626321665899,0.6800000000000126,0.49980766997781656,0.4998076699778255,5.643283543813995e-20
6.9,0.47423979059698274,0.4761322048448681,0.4793551380938279,0.6799999999999945,0.49980171100072,0.49980171100071297,4.227837253579441e-20
6.95,0.46468421574349567,0.4661555195850449,0.464091886867614,0.6800000000000083,0.49979393586408616,0.49979393586407717,2.7914639152292254e-20
7.0,0.4386886323907712,0.4437158905179322,0.4448052154143222,0.6799999999999933,0.49978456548194816,0.4997845654819343,2.3229284710682815e-20
7.050000000000001,0.42040531318171903,0.417722569656883,0.4216623414848004,0.6800000000000049,0.4997738759674042,0.4997738759674012,1.536915636559775e-20
7.1000000000000005,0.3885396658379323,0.39623745480504435,0.39486391385773895,0.6800000000000079,0.49976218907805914,0.4997621890780588,1.1543583448188404e-20
7.15,0.36101765066111324,0.3631480972107742,0.36464227272542676,0.680000000000009,0.4997498610819436,0.49974986108193825,8.943299006529816e-21
7.2,0.32532891625069815,0.32667968587511886,0.3312594353157872,0.6800000000000046,0.4997372704294053,0.4997372704294053,5.796118285741757e-21
7.25,0.28884216780298205,0.2957647291500961,0.2950048242372111,0.6800000000000088,0.4997248046575376,0.49972480465753844,4.803689717913243e-21
7.300000000000001,0.2509446818487729,0.2543944019119787,0.25619275824934845,0.6800000000000048,0.49971284698015445,0.49971284698015317,3.26333794739659e-21
7.3500000000000005,0.20670886660199148,0.21006489615100524,0.215159727193557,0.6800000000000037,0.49970176302749814,0.49970176302749963,2.3621268720279455e-21
7.4,0.16763627643257148,0.17253018655017727,0.17226147471462674,0.6800000000000048,0.49969188819447913,0.4996918881944755,1.8845147654607658e-21
7.45,0.11777873418663304,0.1259106891889862,0.12786991407759646,0.6800000000000043,0.4996835160351434,0.4996835160351431,1.2104936237035147e-21
7.5,0.07801671875406997,0.07692537253952847,0.08236990380746138,0.680000000000005,0.4996768881051262,0.4996768881051262,9.891838136172861e-22
7.550000000000001,0.025357690171206246,0.0360930897352366,0.036155911103614186,0.6800000000000045,0.49967218560336346,0.49967218560336363,6.937315377465298e-22
7.6000000000000005,-0.014960444273696236,-0.012315547739396724,-0.010371408034588787,0.6800000000000045,0.4996695231024275,0.4996695231024275,4.843013044511083e-22
7.65,-0.06727230973287952,-0.06240820943866259,-0.056808682325918826,0.6800000000000044,0.49966894458434635,0.49966894458434635,3.952962083118809e-22
7.7,-0.10806585743292188,-0.10296295440878851,-0.10275332225980778,0.6800000000000035,0.49967042191909,0.49967042191908945,2.542164404942569e-22
7.75,-0.15698589810849312,-0.14954058941276838,-0.14780701035996752,0.6800000000000036,0.49967385583835144,0.49967385583835056,2.0300618346131739e-22
7.800000000000001,-0.19790758982785694,-0.19712363882357856,-0.1915791543998085,0.6800000000000027,0.4996790793709206,0.49967907937092054,1.4743240036482276e-22
7.8500000000000005,-0.24090145153429757,-0.23385158884638463,-0.23369027363615186,0.6800000000000014,0.49968586362076434,0.4996858636207586,9.963655941745034e-23
7.9,-0.28108864931596467,-0.27509857906078916,-0.2737752887021807,0.6799999999999998,0.4996939256878171,0.4996939256878169,8.251140546526528e-23
7.95,-0.31642494244211583,-0.31676652156019797,-0.3114866866362271,0.6799999999999973,0.4997029384575157,0.4997029384575142,5.366384439702262e-23
8.0,-0.35439356820317514,-0.3464210384294611,-0.3464975336100197,0.6800000000000042,0.4997125419201215,0.49971254192011205,4.1567519201874454e-23
8.05,-0.381262670765983,-0.3792295665274135,-0.3785043092376763,0.6800000000000046,0.4997223556282963,0.4997223556282952,3.1269888612338756e-23
8.1,-0.41498077986134263,-0.4120518571907545,-0.407229537891972,0.6799999999999997,0.49973199186189105,0.4997319918618839,2.060451657453116e-23
8.15,-0.43342130618238434,-0.4319421768746556,-0.4324241942173183,0.6800000000000022,0.49974106904414217,0.4997410690441347,1.7156742577400587e-23
8.200000000000001,-0.4605543515380013,-0.4538372249414656,-0.45386986198604623,0.6799999999999997,0.49974922494538937,0.49974922494538637,1.137275800336133e-23
8.25,-0.4712146676781776,-0.47558483617834374,-0.4713806275811637,0.6800000000000045,0.499756129217155,0.49975612921716595,8.506092116582155e-24
8.3,-0.48949123080195467,-0.4837861501062416,-0.4848046916909289,0.6800000000000009,0.499761494823053,0.4997614948230415,6.619655971175042e-24
8.35,-0.4932922414881974,-0.493117417484985,-0.4940256852441433,0.6799999999999903,0.499765087970692,0.49976508797068836,4.278616884183298e-24
8.4,-0.5009079534260701,-0.5024349014587194,-0.4989636781778302,0.6799999999999936,0.4997667362015151,0.4997667362014948,3.54119774335119e-24
8.450000000000001,-0.49869576908576096,-0.4979389512773915,-0.4995758722923877,0.6800000000000004,0.4997663343577962,0.49976633435779755,2.4116600712438574e-24
8.5,-0.49466195202402147,-0.4940088176873492,-0.4958569721889277,0.6799999999999919,0.4997638482212885,0.4997638482212717,1.738910390488677e-24
8.55,-0.48693955892617635,-0.490518509098796,-0.4878392310736728,0.6800000000000045,0.49975931569660054,0.4997593156965911,1.3904021942114533e-24
8.6,-0.47129458738363555,-0.4733130004398758,-0.4755921710328956,0.6799999999999966,0.4997528454994199,0.4997528454994135,8.9728402942146e-25
8.65,-0.45810023098346236,-0.45643060089133963,-0.4592219802046998,0.6799999999999873,0.4997446133941196,0.49974461339410303,7.291055321028397e-25
8.700000000000001,-0.43193300851025884,-0.4407608738701724,-0.438870592074841,0.6799999999999997,0.499734856111405,0.49973485611139346,5.104845031048536e-25
8.75,-0.4128949659034171,-0.41183154062907995,-0.41471445487929864,0.6799999999999949,0.4997238631564684,0.49972386315646666,3.55828258207789e-25
8.8,-0.37817364061665004,-0.38328875448135863,-0.3869630017832776,0.6800000000000055,0.4997119667909228,0.4997119667909269,2.9087670259602952e-25
8.85,-0.3527257730720329,-0.3570241432270048,-0.35585683510044347,0.680000000000003,0.49969953053533583,0.4996995305353321,1.868905247406659e-25
8.9,-0.3119702628346117,-0.31827929869164373,-0.32166564029501926,0.6799999999999938,0.4996869365901373,0.49968693659013685,1.488865573929008e-25
8.950000000000001,-0.2796713461436131,-0.28025051689291697,-0.28468584785212947,0.6799999999999966,0.4996745726103318,0.4996745726103272,1.0885308257961727e-25
9.0,-0.23554437961064817,-0.24580757563677455,-0.24523806328771264,0.6799999999999935,0.4996628182913874,0.4996628182913846,7.333091602018196e-26
9.05,-0.1964168971665851,-0.1999310043579874,-0.20366428757921742,0.6799999999999919,0.4996520322307467,0.4996520322307478,6.0445784172767e-26
9.1,-0.1513263399414665,-0.15530445588961309,-0.16032495211520156,0.679999999999995,0.4996425395194029,0.49964253951940274,3.9113803936955734e-26
9.15,-0.10612393354193948,-0.11574299880357723,-0.11559579387004222,0.6799999999999936,0.49963462049296276,0.49963462049296226,3.0220476359721364e-26
9.200000000000001,-0.06192480915470247,-0.06598660621798019,-0.06986459789499061,0.679999999999994,0.4996285010314775,0.4996285010314773,2.2779685215348003e-26
9.25,-0.01225356162717985,-0.01814033769947578,-0.02352783536699309,0.6799999999999939,0.49962434474362505,0.4996243447436251,1.4948431338734613e-26
9.3,0.02988748408823886,0.02307528399568164,0.023012773657831838,0.6799999999999933,0.4996222473057125,0.4996222473057124,1.2441579241438014e-26
9.35,0.08163416672748167,0.07314297036880804,0.069353742986491,0.6799999999999932,0.49962223315137333,0.499622233151373,8.249044402583058e-27
9.4,0.12118985586945852,0.12060307152388704,0.11509331833332487,0.6799999999999933,0.4996242546264875,0.4996242546264868,6.1330438581248555e-27
9.450000000000001,0.17207820195172277,0.15987411924079467,0.15983496033964675,0.6799999999999946,0.49962819363855754,0.4996281936385564,4.8131242527278074e-27
9.5,0.20895063318560322,0.20664407577069693,0.2031907823726599,0.6799999999999934,0.4996338657434469,0.49963386574344537,3.1138761756202106e-27
9.55,0.25588666966067963,0.25016387786046695,0.24478491329966245,0.6799999999999957,0.4996410265280582,0.4996410265280601,2.532334430014767e-27
9.600000000000001,0.2900994144065791,0.2840378263383062,0.2842567560840532,0.6799999999999952,0.49964938006809995,0.49964938006809606,1.6947831040876382e-27
9.65,0.3302611114152754,0.3241398531795995,0.3212641139528873,0.6799999999999954,0.49965858916818423,0.49965858916817785,1.2733587646032621e-27
9.700000000000001,0.36164015153345314,0.3604924919650463,0.35548615703392333,0.679999999999993,0.499668287030045,0.4996682870300424,1.0498801060459087e-27
9.75,0.39286717278302036,0.38593229381190886,0.38662620374323997,0.6799999999999904,0.49967808994501495,0.4996780899450046,6.3909601665031485e-28
9.8,0.4207995181561781,0.41649584738196926,0.41441429281057945,0.679999999999995,0.49968761057151656,0.49968761057150374,5.090319824592213e-28
9.850000000000001,0.4418557285639421,0.4430317659777928,0.4386095236447265,0.6799999999999976,0.4996964713382891,0.4996964713382812,3.2305566554329815e-28
9.9,0.4651945500009719,0.457652872895889,0.45900214474968504,0.6799999999999917,0.49970431750941435,0.49970431750940625,2.190009858604725e-28
9.950000000000001,0.47584833299581253,0.4765291646279393,0.47541537208674545,0.6800000000000068,0.49971082945906237,0.49971082945905604,1.9964056873747503e-28
10.0,0.49299627918865246,0.4913812720424779,0.48770692161883045,0.6799999999999943,0.4997157337313365,0.49971573373131595,1.1430971863747753e-28
10.05,0.49390672609322067,0.49363800862732227,0.49577024275146564,0.6800000000000015,0.49971881250231354,0.49971881250230377,9.130802823795754e-29
10.100000000000001,0.5030638931163149,0.4995661304739636,0.4995354419778434,0.679999999999995,0.499719911117219,0.4997199111172067,6.43416075084388e-29
10.15,0.49550658771985306,0.5017941537024466,0.4989698887212622,0.6800000000000137,0.49971894344145484,0.49971894344144363,8.499027386100273e-29
10.200000000000001,0.49502747935227337,0.49110097151128757,0.49407849812345317,0.6800000000000059,0.4997158948408013,0.4997158948407923,7.2292800113438e-29
10.25,0.48053081514712553,0.48380515377253147,0.48490368832805036,0.6799999999999898,0.4997108226873667,0.49971082268737976,4.071452487988644e-29
10.3,0.4693059336834436,0.4734679790235837,0.47152501263044055,0.6800000000000067,0.49970385437405435,0.4997038543740362,3.333007392334872e-29
10.350000000000001,0.4492886435573426,0.4502461739281612,0.4540584696839905,0.6800000000000013,0.49969518290573833,0.4996951829057377,2.7500525454301456e-29
10.4,0.4270581687727088,0.4304566270818482,0.43265549774374173,0.679999999999996,0.4996850602207027,0.4996850602207006,1.9090619468780078e-29
10.450000000000001,0.40255626610009954,0.4086070162009185,0.4075016616678964,0.6800000000000069,0.49967378847226146,0.4996737884722475,2.783936686476192e-29
10.5,0.3700776892021219,0.37425327842410727,0.37881504406103994,0.6799999999999975,0.49966170957313655,0.49966170957313416,4.1254675121352084e-29
10.55,0.34162499730054086,0.3436490027205452,0.3468443545079714,0.6799999999999947,0.4996491933641397,0.4996491933641374,2.899107136116373e-29
10.600000000000001,0.3006501315112375,0.3122510971686849,0.3118667732909988,0.6799999999999968,0.4996366248163225,0.4996366248163196,1.5820592821097066e-29
10.65,0.26833696120162864,0.26903033164917345,0.274185548285413,0.6799999999999938,0.499624390709813,0.49962439070981157,1.302967113983243e-29
10.700000000000001,0.22139832489865996,0.23010833578110113,0.23412736586763705,0.6799999999999956,0.49961286625006796,0.49961286625006956,1.7741364356002863e-29
10.75,0.1850874014782295,0.191884354803628,0.192039518629695,0.6799999999999946,0.4996024020847267,0.49960240208472556,1.0369586244214519e-29
10.8,0.13513874007388657,0.14275508855174635,0.14828689445517473,0.6799999999999969,0.4995933121702836,0.49959331217028263,7.033479062104068e-30
10.850000000000001,0.0947773573255898,0.09863617147050308,0.1032488130605054,0.6799999999999968,0.49958586290849927,0.4995858629084991,5.811726779828149e-30
10.9,0.044767158118736924,0.0568542080035922,0.05731573742770379,0.6799999999999968,0.4995802639283673,0.4995802639283672,3.366839463200585e-30
10.950000000000001,0.0007096124071827407,0.005240134508777171,0.010885888639299566,0.6799999999999967,0.499576660832648,0.49957666083264807,2.822288351868222e-30
11.0,-0.04681840403147228,-0.040573691060500953,-0.0356382065364715,0.6799999999999967,0.4995751301599443,0.49957513015994426,1.6777067305894784e-30
11.05,-0.09356763201070945,-0.08235430037940343,-0.08185320537917368,0.6799999999999964,0.4995756767366231,0.4995756767366227,1.3618638227944243e-30
11.100000000000001,-0.13676054392630688,-0.13282890812876702,-0.12735844601389215,0.6799999999999967,0.4995782335102082,0.4995782335102068,1.8672861386070785e-30
11.15,-0.18445372509653002,-0.1767265180093008,-0.1717594209575251,0.679999999999994,0.499582663869992,0.4995826638699912,1.1535963126647813e-30
11.200000000000001,-0.22226370180457733,-0.214932478633409,-0.2146711972996664,0.6799999999999919,0.4995887663745607,0.49958876637456123,1.334947120731861e-30
11.25,-0.2685013957185195,-0.2607229499693631,-0.2557217538668357,0.679999999999997,0.49959628172261883,0.49959628172262033,2.0815513944344305e-31
11.3,-0.30061205844000016,-0.29926461230927637,-0.294555206438612,0.6799999999999944,0.4996049017259049,0.49960490172590155,2.423467707129753e-33
11.350000000000001,-0.3426085184023877,-0.3305870843417334,-0.33083489305484454,0.6799999999999911,0.49961427997365837,0.4996142799736617,1.2969326321864664e-30
11.4,-0.36920279967182973,-0.36850238030685184,-0.3642462926661404,0.6799999999999878,0.4996240438197348,0.4996240438197268,1.4000159881546937e-30
11.450000000000001,-0.40417151613731916,-0.3986868844233167,-0.394499751824737,0.6799999999999866,0.49963380727730144,0.4996338072772941,1.956177091523343e-31
11.5,-0.42560848062615525,-0.42033940530369784,-0.42133299577714217,0.6799999999999966,0.49964318437529576,0.49964318437528643,4.589380902670774e-30
11.55,-0.4511838808539798,-0.4477887258809504,-0.4445134021891259,0.6799999999999814,0.49965180251409735,0.4996518025140897,1.5049493157148433e-30
11.600000000000001,-0.4676731443320813,-0.4672863983120518,-0.4638400177915771,0.6799999999999905,0.49965931535853003,0.49965931535852287,1.7170977921142113e-30
11.65,-0.4822743829042596,-0.4772222895222865,-0.4791453004645506,0.6800000000000036,0.4996654148219192,0.4996654148219092,1.4573965555212353e-30
11.700000000000001,-0.4936359436502895,-0.4924151176971936,-0.49029657165720436,0.6799999999999871,0.4996698417265778,0.4996698417265707,2.5389803151180712e-31
11.75,-0.49669131137149786,-0.4997486360364501,-0.49719716655262014,0.679999999999976,0.4996723947718731,0.49967239477186637,5.6788225942294695e-31
11.8,-0.50226603952056,-0.49682101291331565,-0.4997872720069521,0.6799999999999952,0.49967293749948805,0.49967293749946684,2.3421691488295444e-29
11.850000000000001,-0.4942487639629267,-0.49890506921513916,-0.4980444449992249,0.6799999999999904,0.4996714030148547,0.49967140301485224,2.3467557585466205e-29
11.9,-0.49298605327926426,-0.4935640370442434,-0.49198380709795053,0.6800000000000056,0.4996677963016727,0.4996677963016736,6.305257281109618e-30
11.950000000000001,-0.4752563454912182,-0.4776159964780064,-0.4816579132595304,0.6799999999999833,0.4996621940489002,0.499662194048902,7.606346009098791e-30
12.0,-0.46596005324591244,-0.4667423976216711,-0.46715629609680526,0.6799999999999967,0.49965474199676624,0.4996547419967676,1.5366296301772275e-29
