omega_dt,rho0,rho05,rho08,rho1
0.001,0.9999999999995,0.9999999999999815,0.9999999999999998,1.0000000000000002
0.0010750942544107047,0.999999999999332,0.999999999999975,0.9999999999999982,1.0
0.0011558276558669076,0.9999999999991082,0.9999999999999668,0.9999999999999988,1.0
0.0012426236719115056,0.9999999999988074,0.9999999999999565,0.9999999999999983,0.9999999999999996
0.0013359375700667908,0.9999999999984077,0.9999999999999415,0.9999999999999973,1.0
0.0014362588058302048,0.999999999997873,0.9999999999999216,0.999999999999997,1.0
0.0015441135899948314,0.9999999999971575,0.999999999999895,0.9999999999999954,1.0000000000000004
0.0016600676487609296,0.9999999999962028,0.9999999999998598,0.9999999999999941,1.0000000000000007
0.0017847291911159613,0.9999999999949268,0.9999999999998122,0.9999999999999936,1.0
0.0019187520990478343,0.999999999993223,0.9999999999997492,0.9999999999999915,1.0
0.0020628393573248038,0.9999999999909465,0.9999999999996646,0.9999999999999867,1.0000000000000009
0.002217746740832167,0.9999999999879052,0.9999999999995521,0.9999999999999838,0.9999999999999997
0.0023842867788067264,0.9999999999838416,0.9999999999994018,0.999999999999978,1.0
0.002563333016762518,0.9999999999784137,0.9999999999992004,0.9999999999999701,1.0
0.0027558245984626384,0.999999999971162,0.9999999999989322,0.9999999999999607,1.0000000000000002
0.00296277119197087,0.9999999999614748,0.9999999999985733,0.9999999999999474,1.0
0.0031852582856214335,0.9999999999485327,0.999999999998094,0.9999999999999297,1.0
0.003424452881685694,0.9999999999312437,0.9999999999974529,0.9999999999999053,1.0000000000000002
0.0036816096176004666,0.9999999999081469,0.9999999999965976,0.9999999999998743,1.0000000000000004
0.003958077346865453,0.9999999998772902,0.9999999999954553,0.9999999999998322,1.0
0.0042553062141282095,0.9999999998360687,0.9999999999939281,0.9999999999997748,1.0000000000000007
0.004574855261567406,0.9999999997810006,0.9999999999918885,0.9999999999996991,1.0
0.004918400606471694,0.9999999997074339,0.9999999999891624,0.9999999999995983,1.0000000000000004
0.005287744232907843,0.9999999996091564,0.9999999999855225,0.9999999999994634,1.0000000000000002
0.005684823443592555,0.9999999994778667,0.9999999999806597,0.9999999999992837,1.0000000000000002
0.006111721021545632,0.9999999993024764,0.9999999999741624,0.9999999999990431,0.9999999999999996
0.006570676154824831,0.9999999990681726,0.9999999999654826,0.9999999999987221,1.0
0.007064096181645591,0.9999999987551704,0.9999999999538879,0.9999999999982916,1.0
0.007594569217491763,0.9999999983370371,0.9999999999383968,0.9999999999977179,1.0
0.008164877730449795,0.9999999977784657,0.9999999999177019,0.9999999999969525,1.0
0.00877801313597249,0.999999997032293,0.9999999998900571,0.9999999999959285,0.9999999999999997
0.009437191487625705,0.9999999960355185,0.9999999998531236,0.9999999999945597,1.0
0.01014587034612,0.9999999947039945,0.9999999998037843,0.9999999999927326,0.9999999999999999
0.010907766915109553,0.9999999929253205,0.9999999997378708,0.9999999999902905,1.0000000000000004
0.01172687753888545,0.9999999905493696,0.9999999996498168,0.9999999999870296,1.0000000000000002
0.012607498664233685,0.9999999873756298,0.9999999995321835,0.9999999999826727,1.0
0.013554249376408261,0.9999999831363006,0.9999999993750355,0.9999999999768516,1.0
0.01457209562742639,0.9999999774737266,0.9999999991651026,0.9999999999690751,1.0
0.015666376283769455,0.9999999699102834,0.9999999988846542,0.9999999999586869,1.0000000000000007
0.01684283113011666,0.9999999598081587,0.9999999985100061,0.9999999999448097,1.0
0.018107630975998167,0.9999999463156891,0.9999999980095197,0.9999999999262698,0.9999999999999996
0.019467410023284917,0.9999999282957444,0.9999999973409333,0.999999999901502,0.9999999999999996
0.020929300664290964,0.9999999042301738,0.9999999964477927,0.9999999998684157,1.0000000000000004
0.02250097089301335,0.9999998720923435,0.9999999952546884,0.9999999998242147,0.9999999999999996
0.02419066452574114,0.9999998291771374,0.9999999936608931,0.9999999997651674,1.0000000000000004
0.02600724444200114,0.999999771874302,0.9999999915318651,0.9999999996862863,1.0000000000000004
0.02796023907265014,0.9999996953663378,0.9999999886878944,0.9999999995809123,1.0000000000000004
0.03005989237895584,0.9999995932259398,0.9999999848889608,0.999999999440144,1.0000000000000007
0.03231721758481955,0.9999994568798635,0.999999979814488,0.9999999992520996,0.999999999999999
0.034744054943980064,0.9999992748951478,0.9999999730363394,0.9999999990008995,0.9999999999999998
0.037353133845202786,0.9999990320294337,0.9999999639827475,0.999999998665339,1.0000000000000002
0.040158139581211526,0.9999987079681371,0.9999999518901681,0.9999999982170905,1.0
0.043173785131583584,0.9999982756464657,0.9999999357390257,0.9999999976183217,1.0
0.046415888336127795,0.9999976990216451,0.9999999141679575,0.9999999968184997,0.9999999999999994
0.04990145486353981,0.9999969301180555,0.9999998853593819,0.9999999957501365,1.0000000000000002
0.05364876741052673,0.9999959051122899,0.9999998468868538,0.9999999943231,1.0
0.057677481599273515,0.9999945391528213,0.9999997955114585,0.9999999924170234,1.0
0.06200872907625806,0.9999927195153179,0.9999997269103098,0.9999999898711713,1.0
0.06666522835319501,0.9999902965741159,0.9999996353146396,0.9999999864709163,1.0
0.07167140397149752,0.9999870719162048,0.9999995130275013,0.9999999819296929,1.0
0.07705351461530549,0.9999827827281883,0.9999993497813116,0.9999999758649167,1.000000000000001
0.08283979084506615,0.9999770813400269,0.9999991318824246,0.9999999677658583,1.0
0.08906058317411505,0.9999695085018067,0.9999988410727385,0.9999999569508186,1.0
0.09574852126495773,0.9999594585908972,0.9999984530156358,0.999999942509997,1.0000000000000002
0.10293868508027716,0.9999461344868934,0.999997935283695,0.9999999232293734,1.0000000000000007
0.1106687888863989,0.9999284893032008,0.999997244686377,0.9999998974892668,1.0
0.11897937907435857,0.9999051515242557,0.9999963237244838,0.9999998631292423,1.0000000000000004
0.12791404683619612,0.9998743293717309,0.9999950958911368,0.9999998172682601,1.0000000000000004
0.13751965681201608,0.9998336894302,0.9999934594517454,0.9999997560653984,1.0000000000000013
0.1478465929071304,0.999780203739873,0.9999912792224823,0.999999674401679,0.9999999999999996
0.15894902256865417,0.9997099587739608,0.9999883757213449,0.9999995654573448,1.0000000000000009
0.1708851809077575,0.9996179190560627,0.999984510879751,0.9999994201506504,1.0000000000000002
0.18371767615786375,0.9994976377717123,0.9999793692662411,0.9999992263935839,0.9999999999999993
0.1975138180710058,0.9993409067613676,0.9999725334764614,0.9999989681058824,1.0000000000000009
0.21234597097485933,0.9991373389613571,0.9999634519735653,0.9999986239105925,1.0
0.2282919333423335,0.9988738779230297,0.9999513972089196,0.9999981654108975,1.0000000000000004
0.24543534586465407,0.9985342317352942,0.9999354113052015,0.9999975549178299,1.0000000000000002
0.26386613016839366,0.9980982327262276,0.9999142359374567,0.9999967424599221,1.0000000000000004
0.2836809604776268,0.9975411298934298,0.9998862223068883,0.9999956618571049,1.0000000000000002
0.30498377069520677,0.9968328281843645,0.9998492162867073,0.9999942255800099,0.9999999999999999
0.3278862995629283,0.9959370974680978,0.999800412973798,0.9999923180399558,1.0000000000000004
0.35250867676009134,0.9948107841192699,0.999736174085137,0.9999897868623072,1.0
0.37898005301469406,0.9934030692399869,0.9996518010264217,0.999986431584611,0.9999999999999996
0.4074392775323618,0.991654829199858,0.9995412562330225,0.9999819890905494,1.0000000000000004
0.4380356262962902,0.9894981657517544,0.9993968258251025,0.9999761149422606,1.0000000000000016
0.4709295850583362,0.9868561836635465,0.9992087181104505,0.9999683596116133,1.0
0.506293691128234,0.983643102502047,0.9989645954836305,0.9999581384447037,1.0
0.5443134383763523,0.9797647944293368,0.9986490423487994,0.9999446940396339,1.0
0.5851882501969508,0.9751198396302284,0.9982429793769318,0.9999270496012762,1.0
0.6291325255353957,0.969601182751247,0.997723045118982,0.9999039517962426,1.0000000000000004
0.6763767634659991,0.9630984545777406,0.99706097985634,0.99987380171865,1.0
0.7271687722192038,0.9555009902392195,0.9962230631557039,0.9998345728588434,1.0000000000000007
0.7817749689997516,0.9467015264764165,0.9951696746651473,0.9997837155211313,1.0000000000000007
0.8404817774137396,0.9366004958024252,0.9938550649383426,0.9997180480449142,1.0000000000000007
0.9035971298344073,0.9251107577383668,0.9922274360379171,0.9996336365176789,1.0
0.9714520825869748,0.9121625237837021,0.9902294358897205,0.9995256664665093,1.0000000000000002
1.04440255242457,0.8977081548170566,0.9877991609666359,0.999388312252079,1.0
1.1228311834035287,0.8817264520178307,0.9848717346373598,0.9992146124446727,1.0000000000000004
1.2071493539503058,0.8642260408803021,0.9813814812523871,0.9989963620911761,1.0000000000000004
1.2977993346475665,0.8452474753621594,0.9772646501872202,0.998724035108796,1.0000000000000002
1.3952566080576339,0.8248637715193128,0.9724625657928563,0.9983867515810623,1.0000000000000002
1.500032362751329,0.8031792125833755,0.9669249995804404,0.9979723049607999,1.0000000000000009
1.6126761746240676,0.7803264343921672,0.9606134946321357,0.9974672626503264,1.0000000000000007
1.7337788895633675,0.7564619762904796,0.9535043345315997,0.9968571498828213,1.0000000000000004
1.863975722588148,0.7317606391289418,0.9455908521806051,0.9961267213425854,1.000000000000001
2.0039495897155573,0.7064091028999864,0.9368848227784193,0.9952603179830439,1.0000000000000002
2.1544346900318843,0.6805993052831281,0.9274167755597488,0.994242298807249,1.0
2.316220356756384,0.6545220652624654,0.9172351768133477,0.993057529931393,1.0000000000000004
2.490155197497901,0.6283613621311919,0.9064045619914686,0.9916919070075243,1.0000000000000007
2.677151545420944,0.6022895679789151,0.895002805628599,0.9901328827829551,1.0
2.878190244668795,0.5764638034324511,0.8831177964311036,0.9883699696482735,1.0
3.094325795144359,0.5510234628032655,0.8708438212520501,0.9863951875767016,1.0
3.3266918836345347,0.5260888514072715,0.8582779550450184,0.9842034307380524,1.0
3.5765073302902093,0.5017608032216778,0.8455167117703842,0.981792730980179,1.0000000000000007
3.845082481652772,0.4781211031379778,0.83265314616261,0.9791644029181343,1.0000000000000002
4.133826083760145,0.4552335217429392,0.8197745222019117,0.9763230630788904,1.0000000000000002
4.4442526713836354,0.4331452757759312,0.8069605932602906,0.973276523831687,1.000000000000001
4.777990512153967,0.41188874716465823,0.7942824797518201,0.970035570990011,1.000000000000001
5.1367901472455895,0.3914833212760547,0.7818020870642548,0.9666136412365248,1.0000000000000013
5.522533573417245,0.3719372354378946,0.7695719802659735,0.9630264211787498,1.0
5.937244114571097,0.35324935813397607,0.7576356206623442,0.9592913933549457,1.0
6.383097034609151,0.33541084526011233,0.7460278694207191,0.9554273556323385,1.0000000000000018
6.862430947254305,0.31840664135078417,0.7347756715133408,0.9514539392645719,1.0000000000000016
7.377760082683305,0.3022168105078702,0.7238988457683982,0.9473911477923126,1.0000000000000027
7.931787475313466,0.28681769418978625,0.7134109211678407,0.9432589345697541,1.0000000000000007
8.527419141916287,0.27218290165040715,0.7033199737613657,0.9390768316434067,1.0
9.16777932442606,0.25828414436121283,0.693629431476965,0.934863637615496,1.0
9.856226877395699,0.24509192890886225,0.6843388250812279,0.9306371674818287,1.0
10.596372886056477,0.2325761242625044,0.6754444723812912,0.9264140635643182,1.0000000000000029
11.392099607392682,0.22070641947702255,0.6669400895426982,0.9222096637148351,1.0
12.24758083358233,0.20945268725847438,0.6588173283548963,0.9180379209626359,1.0
13.167303784615017,0.19878526768467933,0.6510662417078367,0.9139113676258466,1.0
14.156092644919916,0.18867518497951152,0.6436756817583221,0.9098411164632918,1.0
15.21913386745902,0.17909430874679377,0.6366336365499923,0.9058368915403412,1.0000000000000064
16.362003378012574,0.1700154695872619,0.6299275114532105,0.9019070819573056,1.000000000000015
17.590695822349844,0.1614125376178468,0.6235443619131373,0.8980588122991092,1.000000000000008
18.91165600969468,0.15326047112526792,0.6174710837950204,0.8942980244930496,1.0000000000000062
20.3318127174144,0.14553534143394226,0.6116945672162007,0.8906295666214977,1.000000000000022
21.858615034246743,0.13821433905589967,0.6062018192426494,0.8870572850665526,1.0
23.500071432694096,0.13127576531391705,0.600980060267129,0.8835841171264917,1.0
25.26479177553053,0.12469901287880739,0.5960167983184687,0.880212181918101,1.000000000000018
27.16203247675567,0.118464538026159,0.5912998850049477,0.8769428679561181,1.0000000000000213
29.201745053877012,0.1125538268833642,0.5868175562855835,0.8737769162831299,1.0
31.394628326189352,0.1069493574919393,0.5825584608003992,0.8707144984147204,1.0000000000000357
33.752184532845696,0.10163455914044517,0.5785116780774539,0.8677552886763238,1.0000000000000742
36.286779665072224,0.09659377011840733,0.5746667285709093,0.8648985307501009,1.0000000000000213
39.01170832898638,0.09181219479190815,0.5710135771681624,0.8621430984326067,1.0
41.94126347923944,0.08727586069730804,0.5675426315312483,0.8594875507384562,1.000000000000027
45.0908113892558,0.08297157618442444,0.5642447364047902,0.8569301815797001,1.0000000000001519
48.47687225130562,0.07888688900655816,0.5611111648243797,0.8544690643135809,1.0
52.11720682918044,0.07501004614758357,0.5581336069923319,0.8521020914906311,1.0000000000000802
56.030909617986175,0.07132995509055019,0.5553041574464398,0.8498270101546392,1.0
60.23850899970236,0.06783614666430261,0.5526153010303403,0.8476414530525029,1.0
64.76207491984746,0.06451873955111917,0.550059898075233,0.8455429661072862,1.0
69.62533465004367,0.06136840649632356,0.5476311691218865,0.8435290324966979,1.0000000000001141
74.85379724368443,0.05837634222912566,0.5453226794437688,0.8415970936629931,1.0000000000001188
80.47488733750887,0.05553423307874179,0.5431283235771815,0.8397445675601912,1.0
86.51808900090447,0.052834228251660925,0.5410423100181344,0.837968864424331,1.0
93.01510038746646,0.05026891272282551,0.5390591462085583,0.8362674003299784,1.000000000000251
100.0,0.04783128168313738,0.5371736239040042,0.8346376087743957,1.0
